rownames,individual,mode,choice,wait,vcost,travel,gcost,income,size
1,1,air,no,0.696969696969697,0.3202247191011236,0.026870007262164125,0.16736401673640167,0.4714285714285714,1
2,1,train,no,0.3434343434343434,0.16292134831460675,0.22440087145969498,0.17154811715481172,0.4714285714285714,1
3,1,bus,no,0.35353535353535354,0.12921348314606743,0.2570806100217865,0.16736401673640167,0.4714285714285714,1
4,1,car,yes,0.0,0.0449438202247191,0.08496732026143791,0.0,0.4714285714285714,1
5,2,air,no,0.6464646464646465,0.3146067415730337,0.0036310820624546117,0.1589958158995816,0.4,2
6,2,train,no,0.4444444444444444,0.16292134831460675,0.2113289760348584,0.22594142259414227,0.4,2
7,2,bus,no,0.5353535353535354,0.12921348314606743,0.2440087145969499,0.2301255230125523,0.4,2
8,2,car,yes,0.0,0.05056179775280899,0.1394335511982571,0.08368200836820083,0.4,2
9,3,air,no,0.696969696969697,0.6348314606741573,0.04502541757443718,0.41422594142259417,0.5428571428571428,1
10,3,train,no,0.3434343434343434,0.5393258426966292,0.6020334059549746,0.6903765690376569,0.5428571428571428,1
11,3,bus,no,0.35353535353535354,0.28651685393258425,0.5947712418300654,0.497907949790795,0.5428571428571428,1
12,3,car,yes,0.0,0.11797752808988764,0.477124183006536,0.29707112970711297,0.5428571428571428,1
13,4,air,no,0.6464646464646465,0.2640449438202247,0.0036310820624546117,0.12133891213389121,0.9714285714285714,3
14,4,train,no,0.4444444444444444,0.1348314606741573,0.2113289760348584,0.20502092050209206,0.9714285714285714,3
15,4,bus,no,0.5353535353535354,0.10674157303370786,0.2440087145969499,0.21338912133891214,0.9714285714285714,3
16,4,car,yes,0.0,0.016853932584269662,0.08496732026143791,0.008368200836820083,0.9714285714285714,3
17,5,air,no,0.6464646464646465,0.3258426966292135,0.058823529411764705,0.2175732217573222,0.6142857142857143,2
18,5,train,no,0.4444444444444444,0.16853932584269662,0.2476397966594045,0.26359832635983266,0.6142857142857143,2
19,5,bus,no,0.5353535353535354,0.1348314606741573,0.280319535221496,0.26778242677824265,0.6142857142857143,2
20,5,car,yes,0.0,0.033707865168539325,0.3899782135076253,0.28870292887029286,0.6142857142857143,2
21,6,air,no,0.696969696969697,0.3202247191011236,0.026870007262164125,0.16736401673640167,0.2571428571428571,1
22,6,train,yes,0.40404040404040403,0.10112359550561797,0.2047930283224401,0.11297071129707113,0.2571428571428571,1
23,6,bus,no,0.35353535353535354,0.06179775280898876,0.2570806100217865,0.11715481171548117,0.2571428571428571,1
24,6,car,no,0.0,0.056179775280898875,0.16049382716049382,0.05439330543933055,0.2571428571428571,1
25,7,air,yes,0.45454545454545453,0.8202247191011236,0.03776325344952796,0.5439330543933054,0.6142857142857143,1
26,7,train,no,0.3434343434343434,0.6123595505617978,0.6405228758169934,0.7656903765690377,0.6142857142857143,1
27,7,bus,no,0.35353535353535354,0.3595505617977528,0.6332607116920842,0.5732217573221757,0.6142857142857143,1
28,7,car,no,0.0,0.19101123595505617,0.5504720406681191,0.39748953974895396,0.6142857142857143,1
29,8,air,no,0.696969696969697,0.6685393258426966,0.06463326071169208,0.4476987447698745,0.14285714285714285,1
30,8,train,no,0.3434343434343434,0.2808988764044944,0.5998547567175018,0.497907949790795,0.14285714285714285,1
31,8,bus,no,0.35353535353535354,0.2696629213483146,0.5925925925925926,0.48535564853556484,0.14285714285714285,1
32,8,car,yes,0.0,0.2696629213483146,0.5206971677559913,0.4393305439330544,0.14285714285714285,1
33,9,air,no,0.696969696969697,0.3202247191011236,0.026870007262164125,0.16736401673640167,0.5428571428571428,1
34,9,train,no,0.3434343434343434,0.16292134831460675,0.22440087145969498,0.17154811715481172,0.5428571428571428,1
35,9,bus,no,0.35353535353535354,0.12921348314606743,0.2570806100217865,0.16736401673640167,0.5428571428571428,1
36,9,car,yes,0.0,0.08426966292134831,0.10675381263616558,0.04184100418410042,0.5428571428571428,1
37,10,air,no,0.696969696969697,0.3146067415730337,0.0036310820624546117,0.14644351464435146,0.9714285714285714,2
38,10,train,no,0.3434343434343434,0.16292134831460675,0.21350762527233116,0.16317991631799164,0.9714285714285714,2
39,10,bus,no,0.35353535353535354,0.12921348314606743,0.24618736383442266,0.1589958158995816,0.9714285714285714,2
40,10,car,yes,0.0,0.028089887640449437,0.10675381263616558,0.0,0.9714285714285714,2
41,11,air,no,0.6464646464646465,0.3146067415730337,0.0036310820624546117,0.1589958158995816,0.18571428571428572,2
42,11,train,no,0.4444444444444444,0.07865168539325842,0.21350762527233116,0.16736401673640167,0.18571428571428572,2
43,11,bus,no,0.5353535353535354,0.06179775280898876,0.24618736383442266,0.1799163179916318,0.18571428571428572,2
44,11,car,yes,0.0,0.011235955056179775,0.10675381263616558,0.02510460251046025,0.18571428571428572,2
45,12,air,no,0.6464646464646465,0.33707865168539325,0.032679738562091505,0.20502092050209206,0.4714285714285714,2
46,12,train,no,0.4444444444444444,0.1797752808988764,0.22294843863471314,0.2510460251046025,0.4714285714285714,2
47,12,bus,no,0.5353535353535354,0.14606741573033707,0.25562817719680464,0.25523012552301255,0.4714285714285714,2
48,12,car,yes,0.0,0.02247191011235955,0.13580246913580246,0.058577405857740586,0.4714285714285714,2
49,13,air,no,0.6464646464646465,0.24157303370786518,0.037037037037037035,0.13807531380753138,0.6857142857142857,4
50,13,train,no,0.4444444444444444,0.12359550561797752,0.22875816993464052,0.21338912133891214,0.6857142857142857,4
51,13,bus,no,0.5353535353535354,0.09550561797752809,0.26143790849673204,0.2217573221757322,0.6857142857142857,4
52,13,car,yes,0.0,0.016853932584269662,0.12854030501089325,0.04602510460251046,0.6857142857142857,4
53,14,air,no,0.6464646464646465,0.3146067415730337,0.02251270878721859,0.17573221757322174,0.5428571428571428,1
54,14,train,no,0.4444444444444444,0.16292134831460675,0.21568627450980393,0.2301255230125523,0.5428571428571428,1
55,14,bus,no,0.5353535353535354,0.12921348314606743,0.24836601307189543,0.23430962343096234,0.5428571428571428,1
56,14,car,yes,0.0,0.07303370786516854,0.16122004357298475,0.11715481171548117,0.5428571428571428,1
57,15,air,no,0.6464646464646465,0.4550561797752809,0.07697893972403776,0.3305439330543933,0.34285714285714286,4
58,15,train,no,0.4444444444444444,0.38202247191011235,0.6427015250544662,0.7698744769874477,0.34285714285714286,4
59,15,bus,no,0.5353535353535354,0.25280898876404495,0.635439360929557,0.6652719665271967,0.34285714285714286,4
60,15,car,yes,0.0,0.08426966292134831,0.8257080610021786,0.7071129707112971,0.34285714285714286,4
61,16,air,no,0.696969696969697,0.3258426966292135,0.04647785039941903,0.1799163179916318,0.34285714285714286,1
62,16,train,yes,0.20202020202020202,0.09550561797752809,0.19026870007262164,0.10460251046025104,0.34285714285714286,1
63,16,bus,no,0.35353535353535354,0.12921348314606743,0.2701525054466231,0.17573221757322174,0.34285714285714286,1
64,16,car,no,0.0,0.06741573033707865,0.2084241103848947,0.09205020920502092,0.34285714285714286,1
65,17,air,no,0.696969696969697,0.33146067415730335,0.007988380537400145,0.16317991631799164,0.34285714285714286,1
66,17,train,yes,0.15151515151515152,0.20224719101123595,0.1394335511982571,0.1506276150627615,0.34285714285714286,1
67,17,bus,no,0.35353535353535354,0.1348314606741573,0.23674655047204066,0.1589958158995816,0.34285714285714286,1
68,17,car,no,0.0,0.06179775280898876,0.1830065359477124,0.07112970711297072,0.34285714285714286,1
69,18,air,no,0.696969696969697,0.3651685393258427,0.01670297748729121,0.19246861924686193,0.05714285714285714,1
70,18,train,yes,0.20202020202020202,0.10674157303370786,0.1721132897603486,0.100418410041841,0.05714285714285714,1
71,18,bus,no,0.35353535353535354,0.09550561797752809,0.2440087145969499,0.13807531380753138,0.05714285714285714,1
72,18,car,no,0.0,0.08426966292134831,0.19172113289760348,0.09623430962343096,0.05714285714285714,1
73,19,air,no,0.696969696969697,0.3202247191011236,0.06172839506172839,0.18828451882845187,0.2571428571428571,1
74,19,train,yes,0.45454545454545453,0.0898876404494382,0.1757443718228032,0.08786610878661087,0.2571428571428571,1
75,19,bus,no,0.35353535353535354,0.06741573033707865,0.28540305010893247,0.13807531380753138,0.2571428571428571,1
76,19,car,no,0.0,0.07865168539325842,0.2643427741466957,0.13389121338912133,0.2571428571428571,1
77,20,air,no,0.6464646464646465,0.3146067415730337,0.02178649237472767,0.17573221757322174,1.0,2
78,20,train,yes,0.10101010101010101,0.14606741573033707,0.1757443718228032,0.18828451882845187,1.0,2
79,20,bus,no,0.5353535353535354,0.12921348314606743,0.20551924473493102,0.200836820083682,1.0,2
80,20,car,no,0.0,0.03932584269662921,0.18373275236020334,0.11297071129707113,1.0,2
81,21,air,no,0.696969696969697,0.33146067415730335,0.007262164124909223,0.16317991631799164,0.05714285714285714,1
82,21,train,yes,0.20202020202020202,0.10674157303370786,0.1757443718228032,0.100418410041841,0.05714285714285714,1
83,21,bus,no,0.35353535353535354,0.07303370786516854,0.2411038489469862,0.11715481171548117,0.05714285714285714,1
84,21,car,no,0.0,0.06179775280898876,0.1822803195352215,0.07112970711297072,0.05714285714285714,1
85,22,air,no,0.6464646464646465,0.33707865168539325,0.12490922294843863,0.28451882845188287,0.11428571428571428,2
86,22,train,yes,0.45454545454545453,0.24157303370786518,0.29193899782135074,0.3598326359832636,0.11428571428571428,2
87,22,bus,no,0.5353535353535354,0.08426966292134831,0.4066811909949165,0.3389121338912134,0.11428571428571428,2
88,22,car,no,0.0,0.06179775280898876,0.36020334059549747,0.28451882845188287,0.11428571428571428,2
89,23,air,yes,0.9090909090909091,0.7865168539325843,0.030501089324618737,0.5146443514644351,0.6857142857142857,1
90,23,train,no,0.3434343434343434,0.38764044943820225,0.38707334785766156,0.4435146443514644,0.6857142857142857,1
91,23,bus,no,0.35353535353535354,0.16853932584269662,0.38271604938271603,0.27615062761506276,0.6857142857142857,1
92,23,car,no,0.0,0.17415730337078653,0.3732752360203341,0.27615062761506276,0.6857142857142857,1
93,24,air,yes,0.5050505050505051,0.6629213483146067,0.03413217138707335,0.42677824267782427,0.6857142857142857,1
94,24,train,no,0.3434343434343434,0.38202247191011235,0.38707334785766156,0.4393305439330544,0.6857142857142857,1
95,24,bus,no,0.35353535353535354,0.16292134831460675,0.38271604938271603,0.2719665271966527,0.6857142857142857,1
96,24,car,no,0.0,0.17415730337078653,0.3732752360203341,0.27615062761506276,0.6857142857142857,1
97,25,air,yes,0.15151515151515152,0.46629213483146065,0.0014524328249818446,0.2594142259414226,0.22857142857142856,2
98,25,train,no,0.3434343434343434,0.07303370786516854,0.21641249092229484,0.10460251046025104,0.22857142857142856,2
99,25,bus,no,0.35353535353535354,0.056179775280898875,0.24909222948438633,0.1087866108786611,0.22857142857142856,2
100,25,car,no,0.0,0.03932584269662921,0.1692084241103849,0.04602510460251046,0.22857142857142856,2
101,26,air,yes,0.30303030303030304,0.46629213483146065,0.05591866376180102,0.3179916317991632,0.8285714285714286,1
102,26,train,no,0.4444444444444444,0.4943820224719101,0.6281771968046478,0.8410041841004184,0.8285714285714286,1
103,26,bus,no,0.5353535353535354,0.24157303370786518,0.6209150326797386,0.6485355648535565,0.8285714285714286,1
104,26,car,no,0.0,0.47191011235955055,0.6092955700798838,0.8075313807531381,0.8285714285714286,1
105,27,air,yes,0.8080808080808081,0.4101123595505618,0.03413217138707335,0.2384937238493724,0.6142857142857143,1
106,27,train,no,0.3434343434343434,0.38202247191011235,0.4175744371822803,0.4602510460251046,0.6142857142857143,1
107,27,bus,no,0.35353535353535354,0.16292134831460675,0.4132171387073348,0.2928870292887029,0.6142857142857143,1
108,27,car,no,0.0,0.20786516853932585,0.37618010167029775,0.301255230125523,0.6142857142857143,1
109,28,air,yes,0.45454545454545453,0.46629213483146065,0.05591866376180102,0.3179916317991632,0.22857142857142856,2
110,28,train,no,0.4444444444444444,0.20786516853932585,0.4364560639070443,0.4560669456066946,0.22857142857142856,2
111,28,bus,no,0.5353535353535354,0.1853932584269663,0.43209876543209874,0.4393305439330544,0.22857142857142856,2
112,28,car,no,0.0,0.09550561797752809,0.3841684822076979,0.3305439330543933,0.22857142857142856,2
113,29,air,no,0.6464646464646465,0.4044943820224719,0.08424110384894698,0.29707112970711297,0.08571428571428572,2
114,29,train,yes,0.6060606060606061,0.2303370786516854,0.18663761801016704,0.25523012552301255,0.08571428571428572,2
115,29,bus,no,0.5353535353535354,0.10674157303370786,0.2047930283224401,0.18410041841004185,0.08571428571428572,2
116,29,car,no,0.0,0.03932584269662921,0.18736383442265794,0.11715481171548117,0.08571428571428572,2
117,30,air,no,0.696969696969697,0.3202247191011236,0.026870007262164125,0.16736401673640167,0.05714285714285714,1
118,30,train,yes,0.020202020202020204,0.05056179775280899,0.16122004357298475,0.0502092050209205,0.05714285714285714,1
119,30,bus,no,0.35353535353535354,0.06179775280898876,0.2570806100217865,0.11715481171548117,0.05714285714285714,1
120,30,car,no,0.0,0.06179775280898876,0.16049382716049382,0.058577405857740586,0.05714285714285714,1
121,31,air,no,0.696969696969697,0.3202247191011236,0.027596223674655047,0.16736401673640167,0.2571428571428571,1
122,31,train,yes,0.050505050505050504,0.08426966292134831,0.1721132897603486,0.08368200836820083,0.2571428571428571,1
123,31,bus,no,0.35353535353535354,0.12921348314606743,0.25925925925925924,0.16736401673640167,0.2571428571428571,1
124,31,car,no,0.0,0.06179775280898876,0.16993464052287582,0.06276150627615062,0.2571428571428571,1
125,32,air,no,0.696969696969697,0.34831460674157305,0.0196078431372549,0.1799163179916318,0.6142857142857143,1
126,32,train,yes,0.15151515151515152,0.16853932584269662,0.19026870007262164,0.15481171548117154,0.6142857142857143,1
127,32,bus,no,0.35353535353535354,0.15168539325842698,0.24836601307189543,0.1799163179916318,0.6142857142857143,1
128,32,car,no,0.0,0.0898876404494382,0.19172113289760348,0.100418410041841,0.6142857142857143,1
129,33,air,no,0.6464646464646465,0.3202247191011236,0.007262164124909223,0.16736401673640167,0.9714285714285714,2
130,33,train,yes,0.45454545454545453,0.15168539325842698,0.16485112563543936,0.1799163179916318,0.9714285714285714,2
131,33,bus,no,0.5353535353535354,0.1348314606741573,0.2411038489469862,0.23430962343096234,0.9714285714285714,2
132,33,car,no,0.0,0.03932584269662921,0.1822803195352215,0.11297071129707113,0.9714285714285714,2
133,34,air,no,0.696969696969697,0.33707865168539325,0.002178649237472767,0.16736401673640167,0.02857142857142857,1
134,34,train,yes,0.10101010101010101,0.16292134831460675,0.16848220769789396,0.13807531380753138,0.02857142857142857,1
135,34,bus,no,0.35353535353535354,0.09550561797752809,0.24255628177196806,0.13389121338912133,0.02857142857142857,1
136,34,car,no,0.0,0.08426966292134831,0.17719680464778503,0.08368200836820083,0.02857142857142857,1
137,35,air,no,0.696969696969697,0.3258426966292135,0.05010893246187364,0.18828451882845187,0.5428571428571428,1
138,35,train,yes,0.15151515151515152,0.07303370786516854,0.19389978213507625,0.08368200836820083,0.5428571428571428,1
139,35,bus,no,0.35353535353535354,0.1348314606741573,0.2251270878721859,0.15481171548117154,0.5428571428571428,1
140,35,car,no,0.0,0.056179775280898875,0.1786492374727669,0.06694560669456066,0.5428571428571428,1
141,36,air,no,0.696969696969697,0.3258426966292135,0.0392156862745098,0.1799163179916318,0.4714285714285714,1
142,36,train,yes,0.10101010101010101,0.11797752808988764,0.19026870007262164,0.11715481171548117,0.4714285714285714,1
143,36,bus,no,0.35353535353535354,0.12921348314606743,0.26289034132171385,0.17154811715481172,0.4714285714285714,1
144,36,car,no,0.0,0.08426966292134831,0.17719680464778503,0.08368200836820083,0.4714285714285714,1
145,37,air,no,0.6464646464646465,0.33707865168539325,0.0878721859114016,0.2510460251046025,0.5428571428571428,2
146,37,train,yes,0.45454545454545453,0.12359550561797752,0.21568627450980393,0.20502092050209206,0.5428571428571428,2
147,37,bus,no,0.5353535353535354,0.14606741573033707,0.29121278140885987,0.28451882845188287,0.5428571428571428,2
148,37,car,no,0.0,0.05056179775280899,0.2643427741466957,0.19246861924686193,0.5428571428571428,2
149,38,air,no,0.6464646464646465,0.2696629213483146,0.002904865649963689,0.12552301255230125,0.02857142857142857,3
150,38,train,yes,0.30303030303030304,0.16292134831460675,0.1466957153231663,0.17154811715481172,0.02857142857142857,3
151,38,bus,no,0.5353535353535354,0.06741573033707865,0.23965141612200436,0.1799163179916318,0.02857142857142857,3
152,38,car,no,0.0,0.02247191011235955,0.17792302106027597,0.09623430962343096,0.02857142857142857,3
153,39,air,no,0.6464646464646465,0.25842696629213485,0.06608569353667393,0.17154811715481172,0.18571428571428572,4
154,39,train,yes,0.5555555555555556,0.12921348314606743,0.21568627450980393,0.20920502092050208,0.18571428571428572,4
155,39,bus,no,0.5353535353535354,0.06741573033707865,0.289760348583878,0.22594142259414227,0.18571428571428572,4
156,39,car,no,0.0,0.011235955056179775,0.20915032679738563,0.11297071129707113,0.18571428571428572,4
157,40,air,yes,0.30303030303030304,0.8146067415730337,0.026870007262164125,0.5355648535564853,0.34285714285714286,1
158,40,train,no,0.3434343434343434,0.5280898876404494,0.4466230936819172,0.5815899581589958,0.34285714285714286,1
159,40,bus,no,0.35353535353535354,0.3089887640449438,0.4422657952069717,0.41841004184100417,0.34285714285714286,1
160,40,car,no,0.0,0.14606741573033707,0.41103848946986205,0.27615062761506276,0.34285714285714286,1
161,41,air,yes,0.7575757575757576,0.6910112359550562,0.03413217138707335,0.4476987447698745,0.34285714285714286,1
162,41,train,no,0.3434343434343434,0.38202247191011235,0.38707334785766156,0.4393305439330544,0.34285714285714286,1
163,41,bus,no,0.35353535353535354,0.16292134831460675,0.38271604938271603,0.2719665271966527,0.34285714285714286,1
164,41,car,no,0.0,0.12359550561797752,0.3732752360203341,0.2384937238493724,0.34285714285714286,1
165,42,air,yes,0.40404040404040403,0.8426966292134831,0.023238925199709513,0.5523012552301255,0.9714285714285714,1
166,42,train,no,0.3434343434343434,0.398876404494382,0.3899782135076253,0.45188284518828453,0.9714285714285714,1
167,42,bus,no,0.35353535353535354,0.1797752808988764,0.38562091503267976,0.28451882845188287,0.9714285714285714,1
168,42,car,no,0.0,0.12359550561797752,0.3805374001452433,0.24267782426778242,0.9714285714285714,1
169,43,air,yes,0.30303030303030304,0.6404494382022472,0.08496732026143791,0.4435146443514644,0.9714285714285714,1
170,43,train,no,0.3434343434343434,0.38764044943820225,0.43137254901960786,0.4686192468619247,0.9714285714285714,1
171,43,bus,no,0.35353535353535354,0.16853932584269662,0.42701525054466233,0.301255230125523,0.9714285714285714,1
172,43,car,no,0.0,0.15168539325842698,0.41103848946986205,0.2803347280334728,0.9714285714285714,1
173,44,air,yes,0.40404040404040403,0.550561797752809,0.030501089324618737,0.3598326359832636,0.6142857142857143,2
174,44,train,no,0.4444444444444444,0.38202247191011235,0.4059549745824256,0.5648535564853556,0.6142857142857143,2
175,44,bus,no,0.5353535353535354,0.16292134831460675,0.40159767610748004,0.39748953974895396,0.6142857142857143,2
176,44,car,no,0.0,0.08426966292134831,0.3732752360203341,0.3138075313807531,0.6142857142857143,2
177,45,air,yes,0.45454545454545453,0.5786516853932584,0.03776325344952796,0.38493723849372385,0.08571428571428572,2
178,45,train,no,0.4444444444444444,0.1853932584269663,0.4059549745824256,0.41841004184100417,0.08571428571428572,2
179,45,bus,no,0.5353535353535354,0.16292134831460675,0.40159767610748004,0.39748953974895396,0.08571428571428572,2
180,45,car,no,0.0,0.056179775280898875,0.3732752360203341,0.2928870292887029,0.08571428571428572,2
181,46,air,yes,0.20202020202020202,0.5842696629213483,0.09222948438634714,0.40585774058577406,0.9714285714285714,1
182,46,train,no,0.3434343434343434,0.39325842696629215,0.4328249818445897,0.47280334728033474,0.9714285714285714,1
183,46,bus,no,0.35353535353535354,0.17415730337078653,0.42846768336964414,0.30962343096234307,0.9714285714285714,1
184,46,car,no,0.0,0.23595505617977527,0.3841684822076979,0.3263598326359833,0.9714285714285714,1
185,47,air,yes,0.6060606060606061,0.4943820224719101,0.026870007262164125,0.3138075313807531,0.34285714285714286,2
186,47,train,no,0.4444444444444444,0.37640449438202245,0.38707334785766156,0.5439330543933054,0.34285714285714286,2
187,47,bus,no,0.5353535353535354,0.15730337078651685,0.38271604938271603,0.37656903765690375,0.34285714285714286,2
188,47,car,no,0.0,0.06179775280898876,0.3732752360203341,0.29707112970711297,0.34285714285714286,2
189,48,air,yes,0.40404040404040403,0.25842696629213485,0.03776325344952796,0.12552301255230125,0.6857142857142857,1
190,48,train,no,0.3434343434343434,0.16292134831460675,0.21931735657225854,0.16736401673640167,0.6857142857142857,1
191,48,bus,no,0.35353535353535354,0.12921348314606743,0.25199709513435004,0.16317991631799164,0.6857142857142857,1
192,48,car,no,0.0,0.07865168539325842,0.17792302106027597,0.0794979079497908,0.6857142857142857,1
193,49,air,yes,0.5050505050505051,0.37640449438202245,0.01597676107480029,0.2175732217573222,0.11428571428571428,3
194,49,train,no,0.4444444444444444,0.07865168539325842,0.20406681190994916,0.1589958158995816,0.11428571428571428,3
195,49,bus,no,0.5353535353535354,0.06179775280898876,0.23674655047204066,0.17573221757322174,0.11428571428571428,3
196,49,car,no,0.0,0.011235955056179775,0.1830065359477124,0.09205020920502092,0.11428571428571428,3
197,50,air,yes,0.7575757575757576,0.5449438202247191,0.05228758169934641,0.3514644351464435,0.4,1
198,50,train,no,0.3434343434343434,0.5280898876404494,0.4466230936819172,0.5815899581589958,0.4,1
199,50,bus,no,0.35353535353535354,0.3089887640449438,0.4422657952069717,0.41841004184100417,0.4,1
200,50,car,no,0.0,0.15168539325842698,0.41103848946986205,0.2803347280334728,0.4,1
201,51,air,yes,0.9090909090909091,0.34831460674157305,0.06681190994916485,0.24267782426778242,0.8285714285714286,2
202,51,train,no,0.4444444444444444,0.4044943820224719,0.4466230936819172,0.6150627615062761,0.8285714285714286,2
203,51,bus,no,0.5353535353535354,0.1853932584269663,0.4422657952069717,0.4476987447698745,0.8285714285714286,2
204,51,car,no,0.0,0.10112359550561797,0.41103848946986205,0.35564853556485354,0.8285714285714286,2
205,52,air,yes,0.8585858585858586,0.5786516853932584,0.01597676107480029,0.3682008368200837,0.4,4
206,52,train,no,0.4444444444444444,0.30337078651685395,0.4371822803195352,0.5271966527196653,0.4,4
207,52,bus,no,0.5353535353535354,0.1853932584269663,0.4328249818445897,0.4393305439330544,0.4,4
208,52,car,no,0.0,0.033707865168539325,0.3805374001452433,0.2803347280334728,0.4,4
209,53,air,no,0.696969696969697,0.3258426966292135,0.04357298474945534,0.1799163179916318,0.4,1
210,53,train,yes,0.15151515151515152,0.12359550561797752,0.21931735657225854,0.14225941422594143,0.4,1
211,53,bus,no,0.35353535353535354,0.12921348314606743,0.2665214233841685,0.17154811715481172,0.4,1
212,53,car,no,0.0,0.06179775280898876,0.19535221496005808,0.0794979079497908,0.4,1
213,54,air,no,0.6464646464646465,0.3146067415730337,0.0196078431372549,0.17573221757322174,0.6857142857142857,2
214,54,train,yes,0.30303030303030304,0.11235955056179775,0.20116194625998549,0.18410041841004185,0.6857142857142857,2
215,54,bus,no,0.5353535353535354,0.12921348314606743,0.2570806100217865,0.24267782426778242,0.6857142857142857,2
216,54,car,no,0.0,0.03932584269662921,0.19680464778503995,0.12552301255230125,0.6857142857142857,2
217,55,air,no,0.6464646464646465,0.24157303370786518,0.007262164124909223,0.1087866108786611,0.05714285714285714,4
218,55,train,yes,0.15151515151515152,0.11235955056179775,0.16485112563543936,0.1506276150627615,0.05714285714285714,4
219,55,bus,no,0.5353535353535354,0.06179775280898876,0.2411038489469862,0.1799163179916318,0.05714285714285714,4
220,55,car,no,0.0,0.016853932584269662,0.1822803195352215,0.09623430962343096,0.05714285714285714,4
221,56,air,no,0.696969696969697,0.5955056179775281,0.07770515613652869,0.401673640167364,0.4,1
222,56,train,yes,0.30303030303030304,0.16292134831460675,0.5896877269426289,0.401673640167364,0.4,1
223,56,bus,no,0.35353535353535354,0.23595505617977527,0.59840232389252,0.4602510460251046,0.4,1
224,56,car,no,0.0,0.2696629213483146,0.5962236746550472,0.48535564853556484,0.4,1
225,57,air,no,0.696969696969697,0.6067415730337079,0.13507625272331156,0.4476987447698745,0.14285714285714285,1
226,57,train,yes,0.45454545454545453,0.11235955056179775,0.6005809731299927,0.3723849372384937,0.14285714285714285,1
227,57,bus,no,0.35353535353535354,0.25280898876404495,0.6477850399419027,0.5062761506276151,0.14285714285714285,1
228,57,car,no,0.0,0.20224719101123595,0.673202614379085,0.48535564853556484,0.14285714285714285,1
229,58,air,no,0.6464646464646465,0.6348314606741573,0.054466230936819175,0.4435146443514644,0.4857142857142857,2
230,58,train,yes,0.10101010101010101,0.23595505617977527,0.5570079883805374,0.5857740585774058,0.4857142857142857,2
231,58,bus,no,0.5353535353535354,0.2696629213483146,0.5853304284676834,0.6359832635983264,0.4857142857142857,2
232,58,car,no,0.0,0.0898876404494382,0.5802469135802469,0.497907949790795,0.4857142857142857,2
233,59,air,no,0.696969696969697,0.6460674157303371,0.06100217864923747,0.4309623430962343,0.4,1
234,59,train,yes,0.40404040404040403,0.3202247191011236,0.5279593318809005,0.4811715481171548,0.4,1
235,59,bus,no,0.35353535353535354,0.25842696629213485,0.5969498910675382,0.4769874476987448,0.4,1
236,59,car,no,0.0,0.20224719101123595,0.5954974582425563,0.4351464435146444,0.4,1
237,60,air,no,0.6464646464646465,0.48314606741573035,0.04066811909949165,0.3179916317991632,0.4714285714285714,3
238,60,train,yes,0.5050505050505051,0.42696629213483145,0.5170660856935366,0.694560669456067,0.4714285714285714,3
239,60,bus,no,0.5353535353535354,0.2303370786516854,0.5642701525054467,0.5857740585774058,0.4714285714285714,3
240,60,car,no,0.0,0.07865168539325842,0.5751633986928104,0.48535564853556484,0.4714285714285714,3
241,61,air,no,0.696969696969697,0.5786516853932584,0.09658678286129267,0.401673640167364,0.05714285714285714,1
242,61,train,yes,0.40404040404040403,0.2303370786516854,0.6042120551924474,0.4602510460251046,0.05714285714285714,1
243,61,bus,no,0.35353535353535354,0.23595505617977527,0.6216412490922295,0.4769874476987448,0.05714285714285714,1
244,61,car,no,0.0,0.2696629213483146,0.6332607116920842,0.5104602510460251,0.05714285714285714,1
245,62,air,no,0.6464646464646465,0.6629213483146067,0.19607843137254902,0.5857740585774058,0.05714285714285714,1
246,62,train,yes,0.25252525252525254,0.14606741573033707,0.5860566448801743,0.5439330543933054,0.05714285714285714,1
247,62,bus,no,0.5353535353535354,0.2808988764044944,0.6005809731299927,0.6569037656903766,0.05714285714285714,1
248,62,car,no,0.0,0.20224719101123595,0.6230936819172114,0.6192468619246861,0.05714285714285714,1
249,63,air,no,0.6464646464646465,0.5674157303370787,0.06027596223674655,0.39748953974895396,0.08571428571428572,2
250,63,train,yes,0.25252525252525254,0.19101123595505617,0.5896877269426289,0.5815899581589958,0.08571428571428572,2
251,63,bus,no,0.5353535353535354,0.2303370786516854,0.6390704429920117,0.6527196652719666,0.08571428571428572,2
252,63,car,no,0.0,0.09550561797752809,0.59840232389252,0.5188284518828452,0.08571428571428572,2
253,64,air,no,0.696969696969697,0.5674157303370787,0.054466230936819175,0.3682008368200837,0.05714285714285714,1
254,64,train,yes,0.050505050505050504,0.11235955056179775,0.5352214960058097,0.3305439330543933,0.05714285714285714,1
255,64,bus,no,0.35353535353535354,0.2303370786516854,0.5504720406681191,0.42677824267782427,0.05714285714285714,1
256,64,car,no,0.0,0.19101123595505617,0.5686274509803921,0.4100418410041841,0.05714285714285714,1
257,65,air,no,0.6464646464646465,0.6404494382022472,0.07334785766158315,0.46443514644351463,0.14285714285714285,2
258,65,train,yes,0.7575757575757576,0.4887640449438202,0.4517066085693537,0.6820083682008368,0.14285714285714285,2
259,65,bus,no,0.5353535353535354,0.25280898876404495,0.5896877269426289,0.6276150627615062,0.14285714285714285,2
260,65,car,no,0.0,0.09550561797752809,0.588961510530138,0.5104602510460251,0.14285714285714285,2
261,66,air,no,0.696969696969697,0.5674157303370787,0.04793028322440087,0.36401673640167365,0.4,1
262,66,train,no,0.3434343434343434,0.48314606741573035,0.625998547567175,0.6652719665271967,0.4,1
263,66,bus,yes,0.10101010101010101,0.15730337078651685,0.5279593318809005,0.3598326359832636,0.4,1
264,66,car,no,0.0,0.2696629213483146,0.59840232389252,0.48535564853556484,0.4,1
265,67,air,no,0.6464646464646465,0.601123595505618,0.12127814088598403,0.4769874476987448,0.4714285714285714,2
266,67,train,no,0.4444444444444444,0.5561797752808989,0.7559912854030502,1.0,0.4714285714285714,2
267,67,bus,no,0.5353535353535354,0.30337078651685395,0.7487291212781408,0.803347280334728,0.4714285714285714,2
268,67,car,yes,0.0,0.1348314606741573,0.6514161220043573,0.5941422594142259,0.4714285714285714,2
269,68,air,no,0.696969696969697,0.5955056179775281,0.08278867102396514,0.40585774058577406,0.4714285714285714,1
270,68,train,no,0.3434343434343434,0.5056179775280899,0.6129266521423384,0.6736401673640168,0.4714285714285714,1
271,68,bus,yes,0.45454545454545453,0.20786516853932585,0.5715323166303559,0.4225941422594142,0.4714285714285714,1
272,68,car,no,0.0,0.2808988764044944,0.5824255628177197,0.48535564853556484,0.4714285714285714,1
273,69,air,no,0.6464646464646465,0.5056179775280899,0.07116920842411038,0.36401673640167365,0.8285714285714286,3
274,69,train,yes,0.40404040404040403,0.398876404494382,0.5294117647058824,0.6820083682008368,0.8285714285714286,3
275,69,bus,no,0.5353535353535354,0.24719101123595505,0.6223674655047204,0.6527196652719666,0.8285714285714286,3
276,69,car,no,0.0,0.07865168539325842,0.59840232389252,0.5062761506276151,0.8285714285714286,3
277,70,air,no,0.6464646464646465,0.6573033707865169,0.07116920842411038,0.47280334728033474,0.8285714285714286,2
278,70,train,yes,0.45454545454545453,0.4101123595505618,0.5098039215686274,0.6736401673640168,0.8285714285714286,2
279,70,bus,no,0.5353535353535354,0.2752808988764045,0.5853304284676834,0.6359832635983264,0.8285714285714286,2
280,70,car,no,0.0,0.09550561797752809,0.6063907044299202,0.5230125523012552,0.8285714285714286,2
281,71,air,no,0.6464646464646465,0.601123595505618,0.09222948438634714,0.45188284518828453,0.14285714285714285,2
282,71,train,yes,0.40404040404040403,0.12359550561797752,0.2440087145969499,0.2301255230125523,0.14285714285714285,2
283,71,bus,no,0.5353535353535354,0.24719101123595505,0.644880174291939,0.6694560669456067,0.14285714285714285,2
284,71,car,no,0.0,0.1404494382022472,0.6056644880174292,0.5564853556485355,0.14285714285714285,2
285,72,air,no,0.696969696969697,0.6123595505617978,0.032679738562091505,0.38493723849372385,0.11428571428571428,1
286,72,train,yes,0.30303030303030304,0.15730337078651685,0.5061728395061729,0.3472803347280335,0.11428571428571428,1
287,72,bus,no,0.35353535353535354,0.2696629213483146,0.5838779956427015,0.4769874476987448,0.11428571428571428,1
288,72,car,no,0.0,0.25280898876404495,0.5671750181554103,0.4560669456066946,0.11428571428571428,1
289,73,air,no,0.696969696969697,0.5730337078651685,0.1328976034858388,0.4225941422594142,0.11428571428571428,1
290,73,train,yes,0.25252525252525254,0.11797752808988764,0.5570079883805374,0.3472803347280335,0.11428571428571428,1
291,73,bus,no,0.35353535353535354,0.24157303370786518,0.7298474945533769,0.5481171548117155,0.11428571428571428,1
292,73,car,no,0.0,0.21910112359550563,0.664488017429194,0.4895397489539749,0.11428571428571428,1
293,74,air,no,0.696969696969697,0.5730337078651685,0.09949164851125636,0.401673640167364,0.18571428571428572,1
294,74,train,yes,0.7575757575757576,0.11797752808988764,0.560639070442992,0.3514644351464435,0.18571428571428572,1
295,74,bus,no,0.35353535353535354,0.2303370786516854,0.5686274509803921,0.4393305439330544,0.18571428571428572,1
296,74,car,no,0.0,0.21348314606741572,0.6274509803921569,0.46443514644351463,0.18571428571428572,1
297,75,air,no,0.6464646464646465,0.6853932584269663,0.07044299201161947,0.49372384937238495,0.11428571428571428,2
298,75,train,yes,0.30303030303030304,0.449438202247191,0.5715323166303559,0.7573221757322176,0.11428571428571428,2
299,75,bus,no,0.5353535353535354,0.29213483146067415,0.6027596223674655,0.6652719665271967,0.11428571428571428,2
300,75,car,no,0.0,0.09550561797752809,0.5976761074800291,0.5146443514644351,0.11428571428571428,2
301,76,air,no,0.6464646464646465,0.5674157303370787,0.05954974582425563,0.39748953974895396,0.08571428571428572,1
302,76,train,yes,0.5050505050505051,0.398876404494382,0.5642701525054467,0.7112970711297071,0.08571428571428572,1
303,76,bus,no,0.5353535353535354,0.2303370786516854,0.6020334059549746,0.6192468619246861,0.08571428571428572,1
304,76,car,no,0.0,0.2696629213483146,0.6034858387799564,0.6527196652719666,0.08571428571428572,1
305,77,air,no,0.696969696969697,0.5674157303370787,0.04502541757443718,0.3598326359832636,0.4,1
306,77,train,yes,0.30303030303030304,0.43820224719101125,0.5352214960058097,0.5732217573221757,0.4,1
307,77,bus,no,0.35353535353535354,0.2247191011235955,0.5671750181554103,0.4351464435146444,0.4,1
308,77,car,no,0.0,0.20224719101123595,0.579520697167756,0.42677824267782427,0.4,1
309,78,air,no,0.6464646464646465,0.6235955056179775,0.07262164124909223,0.4476987447698745,0.2571428571428571,2
310,78,train,no,0.4444444444444444,0.2752808988764045,0.6427015250544662,0.6903765690376569,0.2571428571428571,2
311,78,bus,no,0.5353535353535354,0.2640449438202247,0.635439360929557,0.6736401673640168,0.2571428571428571,2
312,78,car,yes,0.0,0.1348314606741573,0.477124183006536,0.4393305439330544,0.2571428571428571,2
313,79,air,no,0.6464646464646465,0.4157303370786517,0.06100217864923747,0.28451882845188287,0.9714285714285714,5
314,79,train,no,0.4444444444444444,0.34269662921348315,0.6209150326797386,0.7238493723849372,0.9714285714285714,5
315,79,bus,no,0.5353535353535354,0.23595505617977527,0.6136528685548294,0.6359832635983264,0.9714285714285714,5
316,79,car,yes,0.0,0.0449438202247191,1.0,0.8284518828451883,0.9714285714285714,5
317,80,air,no,0.696969696969697,0.5955056179775281,0.07262164124909223,0.39748953974895396,0.2571428571428571,1
318,80,train,no,0.3434343434343434,0.4887640449438202,0.6114742193173566,0.6569037656903766,0.2571428571428571,1
319,80,bus,yes,0.30303030303030304,0.2303370786516854,0.524328249818446,0.4100418410041841,0.2571428571428571,1
320,80,car,no,0.0,0.1853932584269663,0.5925925925925926,0.41841004184100417,0.2571428571428571,1
321,81,air,no,0.696969696969697,0.702247191011236,0.0944081336238199,0.49372384937238495,0.8285714285714286,1
322,81,train,no,0.3434343434343434,0.601123595505618,0.599128540305011,0.7322175732217573,0.8285714285714286,1
323,81,bus,yes,0.6060606060606061,0.2808988764044944,0.6986201888162672,0.5564853556485355,0.8285714285714286,1
324,81,car,no,0.0,0.2696629213483146,0.6020334059549746,0.4895397489539749,0.8285714285714286,1
325,82,air,no,0.6464646464646465,0.23595505617977527,0.026870007262164125,0.12133891213389121,0.9714285714285714,4
326,82,train,no,0.4444444444444444,0.12921348314606743,0.20915032679738563,0.200836820083682,0.9714285714285714,4
327,82,bus,no,0.5353535353535354,0.10112359550561797,0.21641249092229484,0.18828451882845187,0.9714285714285714,4
328,82,car,yes,0.0,0.016853932584269662,0.08496732026143791,0.008368200836820083,0.9714285714285714,4
329,83,air,no,0.696969696969697,0.3202247191011236,0.025417574437182282,0.16317991631799164,0.08571428571428572,1
330,83,train,yes,0.010101010101010102,0.05056179775280899,0.18663761801016704,0.06694560669456066,0.08571428571428572,1
331,83,bus,no,0.35353535353535354,0.06179775280898876,0.2541757443718228,0.11297071129707113,0.08571428571428572,1
332,83,car,no,0.0,0.08426966292134831,0.19535221496005808,0.09623430962343096,0.08571428571428572,1
333,84,air,no,0.696969696969697,0.3202247191011236,0.037037037037037035,0.17573221757322174,0.4,1
334,84,train,yes,0.25252525252525254,0.3258426966292135,0.19898329702251272,0.2803347280334728,0.4,1
335,84,bus,no,0.35353535353535354,0.12921348314606743,0.26143790849673204,0.17154811715481172,0.4,1
336,84,car,no,0.0,0.033707865168539325,0.19753086419753085,0.058577405857740586,0.4,1
337,85,air,yes,0.25252525252525254,0.3539325842696629,0.05591866376180102,0.23430962343096234,0.9714285714285714,2
338,85,train,no,0.4444444444444444,0.37640449438202245,0.38707334785766156,0.5439330543933054,0.9714285714285714,2
339,85,bus,no,0.5353535353535354,0.15730337078651685,0.38271604938271603,0.37656903765690375,0.9714285714285714,2
340,85,car,no,0.0,0.07865168539325842,0.3732752360203341,0.30962343096234307,0.9714285714285714,2
341,86,air,no,0.696969696969697,0.3258426966292135,0.002904865649963689,0.15481171548117154,0.8285714285714286,1
342,86,train,yes,0.10101010101010101,0.19662921348314608,0.16122004357298475,0.1589958158995816,0.8285714285714286,1
343,86,bus,no,0.35353535353535354,0.14606741573033707,0.24473493100944083,0.17573221757322174,0.8285714285714286,1
344,86,car,no,0.0,0.06741573033707865,0.18663761801016704,0.0794979079497908,0.8285714285714286,1
345,87,air,no,0.6464646464646465,0.3202247191011236,0.03994190268700073,0.19665271966527198,0.2571428571428571,2
346,87,train,no,0.4444444444444444,0.08426966292134831,0.20769789397240376,0.16736401673640167,0.2571428571428571,2
347,87,bus,no,0.5353535353535354,0.06741573033707865,0.214960058097313,0.1589958158995816,0.2571428571428571,2
348,87,car,yes,0.0,0.016853932584269662,0.12854030501089325,0.04602510460251046,0.2571428571428571,2
349,88,air,no,0.696969696969697,0.33146067415730335,0.006535947712418301,0.16317991631799164,0.18571428571428572,1
350,88,train,yes,0.10101010101010101,0.0898876404494382,0.1757443718228032,0.08786610878661087,0.18571428571428572,1
351,88,bus,no,0.35353535353535354,0.1404494382022472,0.24183006535947713,0.16736401673640167,0.18571428571428572,1
352,88,car,no,0.0,0.056179775280898875,0.19535221496005808,0.07531380753138076,0.18571428571428572,1
353,89,air,no,0.6464646464646465,0.3202247191011236,0.03994190268700073,0.19665271966527198,0.4,2
354,89,train,no,0.4444444444444444,0.16853932584269662,0.20769789397240376,0.2301255230125523,0.4,2
355,89,bus,no,0.5353535353535354,0.1348314606741573,0.214960058097313,0.20920502092050208,0.4,2
356,89,car,yes,0.0,0.02247191011235955,0.1466957153231663,0.06694560669456066,0.4,2
357,90,air,no,0.6464646464646465,0.3258426966292135,0.007988380537400145,0.17154811715481172,0.34285714285714286,2
358,90,train,yes,0.20202020202020202,0.21348314606741572,0.14451706608569354,0.20920502092050208,0.34285714285714286,2
359,90,bus,no,0.5353535353535354,0.1348314606741573,0.23674655047204066,0.2301255230125523,0.34285714285714286,2
360,90,car,no,0.0,0.0449438202247191,0.1830065359477124,0.11715481171548117,0.34285714285714286,2
361,91,air,no,0.6464646464646465,0.23595505617977527,0.02178649237472767,0.11715481171548117,0.4714285714285714,4
362,91,train,yes,0.20202020202020202,0.15730337078651685,0.1655773420479303,0.18410041841004185,0.4714285714285714,4
363,91,bus,no,0.5353535353535354,0.09550561797752809,0.20551924473493102,0.17573221757322174,0.4714285714285714,4
364,91,car,no,0.0,0.011235955056179775,0.18373275236020334,0.09205020920502092,0.4714285714285714,4
365,92,air,no,0.696969696969697,0.3146067415730337,0.04429920116194626,0.17154811715481172,0.14285714285714285,1
366,92,train,yes,0.10101010101010101,0.15730337078651685,0.20116194625998549,0.15481171548117154,0.14285714285714285,1
367,92,bus,no,0.35353535353535354,0.12921348314606743,0.2643427741466957,0.17154811715481172,0.14285714285714285,1
368,92,car,no,0.0,0.06741573033707865,0.2185911401597676,0.100418410041841,0.14285714285714285,1
369,93,air,no,0.6464646464646465,0.4606741573033708,0.032679738562091505,0.2928870292887029,0.9714285714285714,2
370,93,train,no,0.4444444444444444,0.38202247191011235,0.38707334785766156,0.5439330543933054,0.9714285714285714,2
371,93,bus,no,0.5353535353535354,0.16292134831460675,0.38271604938271603,0.37656903765690375,0.9714285714285714,2
372,93,car,yes,0.0,0.07303370786516854,0.21568627450980393,0.16736401673640167,0.9714285714285714,2
373,94,air,yes,0.30303030303030304,0.8033707865168539,0.0196078431372549,0.5355648535564853,0.6857142857142857,1
374,94,train,no,0.4444444444444444,0.16292134831460675,0.20334059549745825,0.2217573221757322,0.6857142857142857,1
375,94,bus,no,0.5353535353535354,0.12921348314606743,0.23602033405954975,0.22594142259414227,0.6857142857142857,1
376,94,car,no,0.0,0.06179775280898876,0.1692084241103849,0.11715481171548117,0.6857142857142857,1
377,95,air,yes,0.45454545454545453,0.6685393258426966,0.026870007262164125,0.4435146443514644,0.5428571428571428,2
378,95,train,no,0.4444444444444444,0.5056179775280899,0.6267247639796659,0.8493723849372385,0.5428571428571428,2
379,95,bus,no,0.5353535353535354,0.25280898876404495,0.6194625998547567,0.6527196652719666,0.5428571428571428,2
380,95,car,no,0.0,0.10112359550561797,0.5969498910675382,0.5188284518828452,0.5428571428571428,2
381,96,air,yes,0.30303030303030304,0.4606741573033708,0.08496732026143791,0.3054393305439331,0.9714285714285714,1
382,96,train,no,0.3434343434343434,0.39325842696629215,0.46768336964415397,0.497907949790795,0.9714285714285714,1
383,96,bus,no,0.35353535353535354,0.17415730337078653,0.46332607116920843,0.3305439330543933,0.9714285714285714,1
384,96,car,no,0.0,0.1348314606741573,0.40885984023238925,0.26778242677824265,0.9714285714285714,1
385,97,air,no,0.696969696969697,0.33146067415730335,0.06027596223674655,0.19665271966527198,0.11428571428571428,1
386,97,train,no,0.3434343434343434,0.08426966292134831,0.2512708787218591,0.1297071129707113,0.11428571428571428,1
387,97,bus,yes,0.050505050505050504,0.16292134831460675,0.1721132897603486,0.14225941422594143,0.11428571428571428,1
388,97,car,no,0.0,0.06179775280898876,0.2084241103848947,0.08786610878661087,0.11428571428571428,1
389,98,air,yes,0.45454545454545453,1.0,0.07044299201161947,0.698744769874477,0.34285714285714286,1
390,98,train,no,0.3434343434343434,0.4887640449438202,0.6695715323166304,0.694560669456067,0.34285714285714286,1
391,98,bus,no,0.35353535353535354,0.23595505617977527,0.6623093681917211,0.502092050209205,0.34285714285714286,1
392,98,car,no,0.0,0.20786516853932585,0.6049382716049383,0.4435146443514644,0.34285714285714286,1
393,99,air,no,0.6464646464646465,0.5168539325842697,0.12200435729847495,0.41422594142259417,0.6857142857142857,3
394,99,train,no,0.4444444444444444,0.43258426966292135,0.6434277414669571,0.8075313807531381,0.6857142857142857,3
395,99,bus,yes,0.40404040404040403,0.16853932584269662,0.7603485838779956,0.7154811715481172,0.6857142857142857,3
396,99,car,no,0.0,0.06179775280898876,0.6383442265795207,0.5271966527196653,0.6857142857142857,3
397,100,air,no,0.6464646464646465,0.5056179775280899,0.10167029774872913,0.3891213389121339,0.9714285714285714,3
398,100,train,no,0.4444444444444444,0.42134831460674155,0.6521423384168482,0.8075313807531381,0.9714285714285714,3
399,100,bus,no,0.5353535353535354,0.24719101123595505,0.644880174291939,0.6694560669456067,0.9714285714285714,3
400,100,car,yes,0.0,0.08426966292134831,0.5206971677559913,0.4393305439330544,0.9714285714285714,3
401,101,air,no,0.696969696969697,0.3202247191011236,0.034858387799564274,0.17154811715481172,0.4,1
402,101,train,no,0.3434343434343434,0.16292134831460675,0.22730573710965868,0.17573221757322174,0.4,1
403,101,bus,yes,0.15151515151515152,0.12921348314606743,0.21568627450980393,0.14225941422594143,0.4,1
404,101,car,no,0.0,0.11797752808988764,0.20915032679738563,0.1297071129707113,0.4,1
405,102,air,no,0.6464646464646465,0.4101123595505618,0.06535947712418301,0.28870292887029286,0.6857142857142857,5
406,102,train,no,0.4444444444444444,0.34831460674157305,0.6078431372549019,0.7154811715481172,0.6857142857142857,5
407,102,bus,no,0.5353535353535354,0.24157303370786518,0.6005809731299927,0.6276150627615062,0.6857142857142857,5
408,102,car,yes,0.0,0.06179775280898876,0.477124183006536,0.38493723849372385,0.6857142857142857,5
409,103,air,no,0.696969696969697,0.3146067415730337,0.026143790849673203,0.1589958158995816,0.2571428571428571,1
410,103,train,no,0.3434343434343434,0.07865168539325842,0.22004357298474944,0.10460251046025104,0.2571428571428571,1
411,103,bus,no,0.35353535353535354,0.06179775280898876,0.25272331154684097,0.11297071129707113,0.2571428571428571,1
412,103,car,yes,0.0,0.06179775280898876,0.1721132897603486,0.06694560669456066,0.2571428571428571,1
413,104,air,no,0.6464646464646465,0.6067415730337079,0.06535947712418301,0.4309623430962343,0.42857142857142855,2
414,104,train,no,0.4444444444444444,0.5,0.588961510530138,0.8075313807531381,0.42857142857142855,2
415,104,bus,no,0.5353535353535354,0.24719101123595505,0.5816993464052288,0.6150627615062761,0.42857142857142855,2
416,104,car,yes,0.0,0.10674157303370786,0.6514161220043573,0.5732217573221757,0.42857142857142855,2
417,105,air,no,0.6464646464646465,0.5955056179775281,0.09005083514887437,0.4435146443514644,0.35714285714285715,2
418,105,train,no,0.4444444444444444,0.4943820224719101,0.6310820624546115,0.8410041841004184,0.35714285714285715,2
419,105,bus,no,0.5353535353535354,0.24157303370786518,0.6238198983297023,0.6485355648535565,0.35714285714285715,2
420,105,car,yes,0.0,0.10112359550561797,1.0,0.8702928870292888,0.35714285714285715,2
421,106,air,no,0.696969696969697,0.5730337078651685,0.08424110384894698,0.3891213389121339,0.4,1
422,106,train,no,0.3434343434343434,0.4887640449438202,0.664488017429194,0.6903765690376569,0.4,1
423,106,bus,yes,0.30303030303030304,0.14606741573033707,0.5315904139433552,0.3514644351464435,0.4,1
424,106,car,no,0.0,0.21348314606741572,0.6107480029048656,0.45188284518828453,0.4,1
425,107,air,no,0.696969696969697,0.5955056179775281,0.08496732026143791,0.4100418410041841,0.4714285714285714,1
426,107,train,no,0.3434343434343434,0.4887640449438202,0.6085693536673928,0.6569037656903766,0.4714285714285714,1
427,107,bus,no,0.35353535353535354,0.23595505617977527,0.6013071895424836,0.46443514644351463,0.4714285714285714,1
428,107,car,yes,0.0,0.1797752808988764,0.477124183006536,0.34309623430962344,0.4714285714285714,1
429,108,air,no,0.6464646464646465,0.42696629213483145,0.06027596223674655,0.2928870292887029,0.5428571428571428,4
430,108,train,no,0.4444444444444444,0.3595505617977528,0.6100217864923747,0.7238493723849372,0.5428571428571428,4
431,108,bus,no,0.5353535353535354,0.2303370786516854,0.6027596223674655,0.6192468619246861,0.5428571428571428,4
432,108,car,yes,0.0,0.05056179775280899,0.5860566448801743,0.47280334728033474,0.5428571428571428,4
433,109,air,no,0.6464646464646465,0.3258426966292135,0.058823529411764705,0.2175732217573222,0.8285714285714286,2
434,109,train,no,0.4444444444444444,0.16853932584269662,0.2476397966594045,0.26359832635983266,0.8285714285714286,2
435,109,bus,no,0.5353535353535354,0.1348314606741573,0.280319535221496,0.26778242677824265,0.8285714285714286,2
436,109,car,yes,0.0,0.033707865168539325,0.1503267973856209,0.0794979079497908,0.8285714285714286,2
437,110,air,no,0.6464646464646465,0.42696629213483145,0.0813362381989833,0.3138075313807531,0.5428571428571428,4
438,110,train,no,0.4444444444444444,0.3651685393258427,0.6310820624546115,0.7447698744769874,0.5428571428571428,4
439,110,bus,no,0.5353535353535354,0.23595505617977527,0.6238198983297023,0.6401673640167364,0.5428571428571428,4
440,110,car,yes,0.0,0.056179775280898875,0.477124183006536,0.3807531380753138,0.5428571428571428,4
441,111,air,no,0.696969696969697,0.3651685393258427,0.032679738562091505,0.20502092050209206,0.9714285714285714,1
442,111,train,no,0.3434343434343434,0.20224719101123595,0.22294843863471314,0.200836820083682,0.9714285714285714,1
443,111,bus,no,0.35353535353535354,0.16853932584269662,0.25562817719680464,0.19665271966527198,0.9714285714285714,1
444,111,car,yes,0.0,0.056179775280898875,0.12854030501089325,0.03347280334728033,0.9714285714285714,1
445,112,air,no,0.6464646464646465,0.5955056179775281,0.09949164851125636,0.4560669456066946,0.9714285714285714,2
446,112,train,no,0.4444444444444444,0.4943820224719101,0.6397966594045026,0.8535564853556485,0.9714285714285714,2
447,112,bus,no,0.5353535353535354,0.24157303370786518,0.6325344952795933,0.6569037656903766,0.9714285714285714,2
448,112,car,yes,0.0,0.09550561797752809,0.477124183006536,0.4100418410041841,0.9714285714285714,2
449,113,air,yes,0.6060606060606061,0.5955056179775281,0.012345679012345678,0.37656903765690375,0.4,2
450,113,train,no,0.4444444444444444,0.16853932584269662,0.20406681190994916,0.22594142259414227,0.4,2
451,113,bus,no,0.5353535353535354,0.1348314606741573,0.23674655047204066,0.2301255230125523,0.4,2
452,113,car,no,0.0,0.028089887640449437,0.1830065359477124,0.10460251046025104,0.4,2
453,114,air,yes,0.30303030303030304,0.3146067415730337,0.0196078431372549,0.17573221757322174,0.4714285714285714,2
454,114,train,no,0.4444444444444444,0.16853932584269662,0.32171387073347857,0.3305439330543933,0.4714285714285714,2
455,114,bus,no,0.5353535353535354,0.1348314606741573,0.35439360929557007,0.33472803347280333,0.4714285714285714,2
456,114,car,no,0.0,0.033707865168539325,0.24618736383442266,0.16317991631799164,0.4714285714285714,2
457,115,air,yes,0.5555555555555556,0.37640449438202245,0.03776325344952796,0.21338912133891214,0.8285714285714286,1
458,115,train,no,0.3434343434343434,0.2303370786516854,0.23892519970951343,0.2301255230125523,0.8285714285714286,1
459,115,bus,no,0.35353535353535354,0.19662921348314608,0.2716049382716049,0.22594142259414227,0.8285714285714286,1
460,115,car,no,0.0,0.06179775280898876,0.14887436456063907,0.0502092050209205,0.8285714285714286,1
461,116,air,yes,0.40404040404040403,0.3595505617977528,0.030501089324618737,0.19665271966527198,0.6142857142857143,1
462,116,train,no,0.3434343434343434,0.16292134831460675,0.22440087145969498,0.17154811715481172,0.6142857142857143,1
463,116,bus,no,0.35353535353535354,0.12921348314606743,0.2570806100217865,0.16736401673640167,0.6142857142857143,1
464,116,car,no,0.0,0.0898876404494382,0.19172113289760348,0.100418410041841,0.6142857142857143,1
465,117,air,no,0.696969696969697,0.3089887640449438,0.002904865649963689,0.14644351464435146,0.6142857142857143,1
466,117,train,no,0.3434343434343434,0.16292134831460675,0.2120551924473493,0.16317991631799164,0.6142857142857143,1
467,117,bus,yes,0.40404040404040403,0.0898876404494382,0.13217138707334786,0.06276150627615062,0.6142857142857143,1
468,117,car,no,0.0,0.06179775280898876,0.18663761801016704,0.07531380753138076,0.6142857142857143,1
469,118,air,no,0.696969696969697,0.7134831460674157,0.08859840232389252,0.497907949790795,0.05714285714285714,1
470,118,train,no,0.3434343434343434,0.3651685393258427,0.6318082788671024,0.5774058577405857,0.05714285714285714,1
471,118,bus,yes,0.20202020202020202,0.29213483146067415,0.5497458242556281,0.47280334728033474,0.05714285714285714,1
472,118,car,no,0.0,0.20224719101123595,0.6034858387799564,0.4393305439330544,0.05714285714285714,1
473,119,air,yes,0.9090909090909091,0.8370786516853933,0.023238925199709513,0.5481171548117155,0.4857142857142857,1
474,119,train,no,0.3434343434343434,0.5280898876404494,0.6042120551924474,0.6820083682008368,0.4857142857142857,1
475,119,bus,no,0.35353535353535354,0.2752808988764045,0.5969498910675382,0.4895397489539749,0.4857142857142857,1
476,119,car,no,0.0,0.1853932584269663,0.5671750181554103,0.40585774058577406,0.4857142857142857,1
477,120,air,yes,0.10101010101010101,0.38202247191011235,0.01597676107480029,0.20920502092050208,0.2571428571428571,1
478,120,train,no,0.3434343434343434,0.1797752808988764,0.20915032679738563,0.17573221757322174,0.2571428571428571,1
479,120,bus,no,0.35353535353535354,0.14606741573033707,0.24183006535947713,0.17154811715481172,0.2571428571428571,1
480,120,car,no,0.0,0.11235955056179775,0.17719680464778503,0.10460251046025104,0.2571428571428571,1
481,121,air,yes,0.25252525252525254,0.4101123595505618,0.026870007262164125,0.2510460251046025,0.2571428571428571,2
482,121,train,no,0.4444444444444444,0.07303370786516854,0.20697167755991286,0.1589958158995816,0.2571428571428571,2
483,121,bus,no,0.5353535353535354,0.056179775280898875,0.23965141612200436,0.17573221757322174,0.2571428571428571,2
484,121,car,no,0.0,0.028089887640449437,0.16485112563543936,0.08786610878661087,0.2571428571428571,2
485,122,air,yes,1.0,0.6067415730337079,0.1430646332607117,0.45188284518828453,0.34285714285714286,1
486,122,train,no,0.3434343434343434,0.5056179775280899,0.6325344952795933,0.6820083682008368,0.34285714285714286,1
487,122,bus,no,0.35353535353535354,0.25280898876404495,0.6252723311546841,0.4895397489539749,0.34285714285714286,1
488,122,car,no,0.0,0.24157303370786518,0.5468409586056645,0.4351464435146444,0.34285714285714286,1
489,123,air,yes,0.30303030303030304,0.5168539325842697,0.09586056644880174,0.35564853556485354,0.38571428571428573,1
490,123,train,no,0.3434343434343434,0.4887640449438202,0.6390704429920117,0.6736401673640168,0.38571428571428573,1
491,123,bus,no,0.35353535353535354,0.23595505617977527,0.6318082788671024,0.4811715481171548,0.38571428571428573,1
492,123,car,no,0.0,0.3146067415730337,0.616557734204793,0.5313807531380753,0.38571428571428573,1
493,124,air,yes,0.35353535353535354,0.5224719101123596,0.06681190994916485,0.3723849372384937,0.08571428571428572,2
494,124,train,no,0.4444444444444444,0.24157303370786518,0.6296296296296297,0.6527196652719666,0.08571428571428572,2
495,124,bus,no,0.5353535353535354,0.2303370786516854,0.6223674655047204,0.6401673640167364,0.08571428571428572,2
496,124,car,no,0.0,0.11797752808988764,0.5787944807552651,0.5146443514644351,0.08571428571428572,2
497,125,air,no,0.696969696969697,0.5730337078651685,0.08351488743645606,0.3891213389121339,0.42857142857142855,1
498,125,train,no,0.3434343434343434,0.4887640449438202,0.6746550472040668,0.698744769874477,0.42857142857142855,1
499,125,bus,yes,0.15151515151515152,0.20224719101123595,0.4444444444444444,0.3389121338912134,0.42857142857142855,1
500,125,car,no,0.0,0.20786516853932585,0.6078431372549019,0.4476987447698745,0.42857142857142855,1
501,126,air,no,0.6464646464646465,0.5674157303370787,0.07770515613652869,0.41422594142259417,0.6142857142857143,2
502,126,train,no,0.4444444444444444,0.48314606741573035,0.5998547567175018,0.803347280334728,0.6142857142857143,2
503,126,bus,yes,0.30303030303030304,0.1853932584269663,0.5134350036310821,0.5104602510460251,0.6142857142857143,2
504,126,car,no,0.0,0.0898876404494382,0.6114742193173566,0.5230125523012552,0.6142857142857143,2
505,127,air,no,0.6464646464646465,0.47191011235955055,0.07552650689905592,0.34309623430962344,0.6142857142857143,3
506,127,train,no,0.4444444444444444,0.4101123595505618,0.6601307189542484,0.803347280334728,0.6142857142857143,3
507,127,bus,no,0.5353535353535354,0.23595505617977527,0.6528685548293391,0.6694560669456067,0.6142857142857143,3
508,127,car,yes,0.0,0.06179775280898876,0.5860566448801743,0.4811715481171548,0.6142857142857143,3
509,128,air,no,0.6464646464646465,0.5955056179775281,0.05519244734931009,0.41422594142259417,0.34285714285714286,2
510,128,train,no,0.4444444444444444,0.4943820224719101,0.5802469135802469,0.7949790794979079,0.34285714285714286,2
511,128,bus,yes,0.30303030303030304,0.19101123595505617,0.5206971677559913,0.5188284518828452,0.34285714285714286,2
512,128,car,no,0.0,0.0898876404494382,0.5896877269426289,0.5062761506276151,0.34285714285714286,2
513,129,air,no,0.696969696969697,0.3202247191011236,0.03122730573710966,0.17154811715481172,0.8285714285714286,1
514,129,train,no,0.3434343434343434,0.16292134831460675,0.22440087145969498,0.17154811715481172,0.8285714285714286,1
515,129,bus,no,0.35353535353535354,0.12921348314606743,0.2570806100217865,0.16736401673640167,0.8285714285714286,1
516,129,car,yes,0.0,0.06179775280898876,0.1721132897603486,0.06694560669456066,0.8285714285714286,1
517,130,air,no,0.6464646464646465,0.3146067415730337,0.04429920116194626,0.19665271966527198,0.11428571428571428,2
518,130,train,yes,0.10101010101010101,0.1853932584269663,0.23021060275962238,0.2594142259414226,0.11428571428571428,2
519,130,bus,no,0.5353535353535354,0.06179775280898876,0.2643427741466957,0.200836820083682,0.11428571428571428,2
520,130,car,no,0.0,0.033707865168539325,0.2185911401597676,0.13807531380753138,0.11428571428571428,2
521,131,air,no,0.6464646464646465,0.5898876404494382,0.06535947712418301,0.4225941422594142,0.6142857142857143,2
522,131,train,no,0.4444444444444444,0.4887640449438202,0.5933188090050835,0.803347280334728,0.6142857142857143,2
523,131,bus,no,0.5353535353535354,0.23595505617977527,0.5860566448801743,0.6108786610878661,0.6142857142857143,2
524,131,car,yes,0.0,0.0,0.4335511982570806,0.301255230125523,0.6142857142857143,2
525,132,air,no,0.6464646464646465,0.47191011235955055,0.05809731299927379,0.3263598326359833,0.8285714285714286,3
526,132,train,no,0.4444444444444444,0.4044943820224719,0.5933188090050835,0.7405857740585774,0.8285714285714286,3
527,132,bus,no,0.5353535353535354,0.2303370786516854,0.5860566448801743,0.606694560669456,0.8285714285714286,3
528,132,car,yes,0.0,0.07865168539325842,0.4335511982570806,0.3598326359832636,0.8285714285714286,3
529,133,air,no,0.696969696969697,0.5955056179775281,0.09658678286129267,0.41422594142259417,0.8285714285714286,1
530,133,train,no,0.3434343434343434,0.5,0.6564996368917938,0.694560669456067,0.8285714285714286,1
531,133,bus,yes,0.15151515151515152,0.1853932584269663,0.6332607116920842,0.4435146443514644,0.8285714285714286,1
532,133,car,no,0.0,0.20224719101123595,0.6100217864923747,0.4435146443514644,0.8285714285714286,1
533,134,air,no,0.696969696969697,0.5674157303370787,0.06245461147421932,0.3723849372384937,0.08571428571428572,1
534,134,train,no,0.3434343434343434,0.24157303370786518,0.6020334059549746,0.4686192468619247,0.08571428571428572,1
535,134,bus,yes,0.25252525252525254,0.12921348314606743,0.4843863471314452,0.30962343096234307,0.08571428571428572,1
536,134,car,no,0.0,0.19662921348314608,0.5947712418300654,0.4309623430962343,0.08571428571428572,1
537,135,air,no,0.6464646464646465,0.5674157303370787,0.07044299201161947,0.40585774058577406,0.8285714285714286,2
538,135,train,no,0.4444444444444444,0.4887640449438202,0.6710239651416122,0.8744769874476988,0.8285714285714286,2
539,135,bus,no,0.5353535353535354,0.23595505617977527,0.663761801016703,0.6778242677824268,0.8285714285714286,2
540,135,car,yes,0.0,0.1797752808988764,0.4335511982570806,0.4351464435146444,0.8285714285714286,2
541,136,air,no,0.6464646464646465,0.6292134831460674,0.07116920842411038,0.45188284518828453,0.14285714285714285,2
542,136,train,no,0.4444444444444444,0.3258426966292135,0.7029774872912128,0.7824267782426778,0.14285714285714285,2
543,136,bus,no,0.5353535353535354,0.3146067415730337,0.6957153231663036,0.7656903765690377,0.14285714285714285,2
544,136,car,yes,0.0,0.09550561797752809,0.477124183006536,0.4100418410041841,0.14285714285714285,2
545,137,air,no,0.696969696969697,0.5898876404494382,0.06318082788671024,0.3891213389121339,0.6142857142857143,1
546,137,train,no,0.3434343434343434,0.5,0.6180101670297748,0.6694560669456067,0.6142857142857143,1
547,137,bus,no,0.35353535353535354,0.24719101123595505,0.6107480029048656,0.4769874476987448,0.6142857142857143,1
548,137,car,yes,0.0,0.19101123595505617,0.4989106753812636,0.36401673640167365,0.6142857142857143,1
549,138,air,no,0.696969696969697,0.651685393258427,0.05374001452432825,0.42677824267782427,0.6857142857142857,1
550,138,train,no,0.3434343434343434,0.5280898876404494,0.6107480029048656,0.6861924686192469,0.6857142857142857,1
551,138,bus,yes,0.050505050505050504,0.3539325842696629,0.5715323166303559,0.5313807531380753,0.6857142857142857,1
552,138,car,no,0.0,0.34831460674157305,0.5780682643427741,0.5313807531380753,0.6857142857142857,1
553,139,air,no,0.696969696969697,0.5617977528089888,0.027596223674655047,0.3472803347280335,0.34285714285714286,1
554,139,train,no,0.3434343434343434,0.47752808988764045,0.5860566448801743,0.6359832635983264,0.34285714285714286,1
555,139,bus,yes,0.45454545454545453,0.1853932584269663,0.5352214960058097,0.38493723849372385,0.34285714285714286,1
556,139,car,no,0.0,0.1853932584269663,0.5533769063180828,0.39748953974895396,0.34285714285714286,1
557,140,air,no,0.6464646464646465,0.46629213483146065,0.027596223674655047,0.29707112970711297,0.4714285714285714,3
558,140,train,no,0.4444444444444444,0.398876404494382,0.5860566448801743,0.7322175732217573,0.4714285714285714,3
559,140,bus,no,0.5353535353535354,0.2247191011235955,0.5787944807552651,0.5983263598326359,0.4714285714285714,3
560,140,car,yes,0.0,0.056179775280898875,0.3899782135076253,0.3054393305439331,0.4714285714285714,3
561,141,air,no,0.696969696969697,0.5898876404494382,0.06899055918663761,0.39748953974895396,0.14285714285714285,1
562,141,train,yes,0.30303030303030304,0.33146067415730335,0.5206971677559913,0.48535564853556484,0.14285714285714285,1
563,141,bus,no,0.35353535353535354,0.24157303370786518,0.6085693536673928,0.47280334728033474,0.14285714285714285,1
564,141,car,no,0.0,0.29213483146067415,0.5737109658678287,0.4895397489539749,0.14285714285714285,1
565,142,air,no,0.696969696969697,0.6235955056179775,0.13144517066085692,0.4602510460251046,0.18571428571428572,1
566,142,train,yes,0.30303030303030304,0.3651685393258427,0.5679012345679012,0.5355648535564853,0.18571428571428572,1
567,142,bus,no,0.35353535353535354,0.2640449438202247,0.6027596223674655,0.48535564853556484,0.18571428571428572,1
568,142,car,no,0.0,0.25280898876404495,0.5846042120551924,0.46443514644351463,0.18571428571428572,1
569,143,air,no,0.6464646464646465,0.4606741573033708,0.11038489469862019,0.36401673640167365,0.14285714285714285,4
570,143,train,yes,1.0,0.19662921348314608,0.5969498910675382,0.5899581589958159,0.14285714285714285,4
571,143,bus,no,0.5353535353535354,0.24719101123595505,0.6557734204793029,0.6820083682008368,0.14285714285714285,4
572,143,car,no,0.0,0.0449438202247191,0.6230936819172114,0.502092050209205,0.14285714285714285,4
573,144,air,no,0.6464646464646465,0.5168539325842697,0.07262164124909223,0.3723849372384937,0.4714285714285714,3
574,144,train,yes,0.25252525252525254,0.3707865168539326,0.5025417574437182,0.6401673640167364,0.4714285714285714,3
575,144,bus,no,0.5353535353535354,0.25280898876404495,0.6042120551924474,0.6401673640167364,0.4714285714285714,3
576,144,car,no,0.0,0.07865168539325842,0.5925925925925926,0.497907949790795,0.4714285714285714,3
577,145,air,no,0.696969696969697,0.6179775280898876,0.07116920842411038,0.41422594142259417,0.34285714285714286,1
578,145,train,yes,0.15151515151515152,0.10674157303370786,0.533042846768337,0.3263598326359833,0.34285714285714286,1
579,145,bus,no,0.35353535353535354,0.24157303370786518,0.5904139433551199,0.4602510460251046,0.34285714285714286,1
580,145,car,no,0.0,0.25280898876404495,0.5729847494553377,0.4602510460251046,0.34285714285714286,1
581,146,air,no,0.696969696969697,0.5674157303370787,0.074800290486565,0.3807531380753138,0.05714285714285714,1
582,146,train,yes,0.45454545454545453,0.10112359550561797,0.5497458242556281,0.3305439330543933,0.05714285714285714,1
583,146,bus,no,0.35353535353535354,0.2303370786516854,0.5613652868554829,0.4351464435146444,0.05714285714285714,1
584,146,car,no,0.0,0.1853932584269663,0.5976761074800291,0.4225941422594142,0.05714285714285714,1
585,147,air,no,0.696969696969697,0.5898876404494382,0.06463326071169208,0.39330543933054396,0.02857142857142857,1
586,147,train,yes,0.30303030303030304,0.17415730337078653,0.5025417574437182,0.35564853556485354,0.02857142857142857,1
587,147,bus,no,0.35353535353535354,0.23595505617977527,0.5947712418300654,0.4602510460251046,0.02857142857142857,1
588,147,car,no,0.0,0.25842696629213485,0.5679012345679012,0.4602510460251046,0.02857142857142857,1
589,148,air,no,0.6464646464646465,0.5674157303370787,0.07334785766158315,0.4100418410041841,0.5428571428571428,2
590,148,train,yes,0.10101010101010101,0.21910112359550563,0.4843863471314452,0.5104602510460251,0.5428571428571428,2
591,148,bus,no,0.5353535353535354,0.2303370786516854,0.625998547567175,0.6401673640167364,0.5428571428571428,2
592,148,car,no,0.0,0.09550561797752809,0.6063907044299202,0.5230125523012552,0.5428571428571428,2
593,149,air,no,0.6464646464646465,0.7921348314606742,0.074800290486565,0.5774058577405857,0.5428571428571428,1
594,149,train,yes,0.10101010101010101,0.4550561797752809,0.5533769063180828,0.7447698744769874,0.5428571428571428,1
595,149,bus,no,0.5353535353535354,0.38202247191011235,0.6049382716049383,0.7364016736401674,0.5428571428571428,1
596,149,car,no,0.0,0.2696629213483146,0.615831517792302,0.6610878661087866,0.5428571428571428,1
597,150,air,yes,0.45454545454545453,0.5168539325842697,0.1503267973856209,0.3891213389121339,0.8285714285714286,1
598,150,train,no,0.3434343434343434,0.5,0.6194625998547567,0.6694560669456067,0.8285714285714286,1
599,150,bus,no,0.35353535353535354,0.24719101123595505,0.6122004357298475,0.4769874476987448,0.8285714285714286,1
600,150,car,no,0.0,0.2640449438202247,0.5875090777051561,0.4769874476987448,0.8285714285714286,1
601,151,air,yes,0.45454545454545453,0.7640449438202247,0.03776325344952796,0.502092050209205,0.02857142857142857,1
602,151,train,no,0.3434343434343434,0.3258426966292135,0.5933188090050835,0.5271966527196653,0.02857142857142857,1
603,151,bus,no,0.35353535353535354,0.3146067415730337,0.5860566448801743,0.5146443514644351,0.02857142857142857,1
604,151,car,no,0.0,0.25280898876404495,0.599128540305011,0.47280334728033474,0.02857142857142857,1
605,152,air,yes,0.6060606060606061,0.5617977528089888,0.13580246913580246,0.41422594142259417,0.6857142857142857,1
606,152,train,no,0.3434343434343434,0.6179775280898876,0.6782861292665214,0.7949790794979079,0.6857142857142857,1
607,152,bus,no,0.35353535353535354,0.3651685393258427,0.6456063907044299,0.5857740585774058,0.6857142857142857,1
608,152,car,no,0.0,0.2303370786516854,0.6594045025417574,0.49372384937238495,0.6857142857142857,1
609,153,air,yes,0.6060606060606061,0.8370786516853933,0.1394335511982571,0.6694560669456067,0.8285714285714286,2
610,153,train,no,0.4444444444444444,0.5,0.6376180101670298,0.8535564853556485,0.8285714285714286,2
611,153,bus,no,0.5353535353535354,0.24719101123595505,0.6303558460421206,0.6569037656903766,0.8285714285714286,2
612,153,car,no,0.0,0.10674157303370786,0.6506899055918663,0.5690376569037657,0.8285714285714286,2
613,154,air,yes,0.6060606060606061,0.6123595505617978,0.10312273057371096,0.4309623430962343,0.9714285714285714,1
614,154,train,no,0.3434343434343434,0.5337078651685393,0.599128540305011,0.6820083682008368,0.9714285714285714,1
615,154,bus,no,0.35353535353535354,0.2808988764044944,0.5918663761801016,0.4895397489539749,0.9714285714285714,1
616,154,car,no,0.0,0.2640449438202247,0.5751633986928104,0.4686192468619247,0.9714285714285714,1
617,155,air,yes,0.6060606060606061,0.38202247191011235,0.023238925199709513,0.26359832635983266,0.5428571428571428,2
618,155,train,no,0.4444444444444444,0.16292134831460675,0.21568627450980393,0.2301255230125523,0.5428571428571428,2
619,155,bus,no,0.5353535353535354,0.12921348314606743,0.24836601307189543,0.23430962343096234,0.5428571428571428,2
620,155,car,no,0.0,0.028089887640449437,0.19753086419753085,0.11715481171548117,0.5428571428571428,2
621,156,air,yes,0.45454545454545453,0.4044943820224719,0.005083514887436456,0.2301255230125523,0.4714285714285714,3
622,156,train,no,0.4444444444444444,0.1348314606741573,0.21641249092229484,0.21338912133891214,0.4714285714285714,3
623,156,bus,no,0.5353535353535354,0.10674157303370786,0.24909222948438633,0.2175732217573222,0.4714285714285714,3
624,156,car,no,0.0,0.011235955056179775,0.1830065359477124,0.09205020920502092,0.4714285714285714,3
625,157,air,yes,0.7575757575757576,0.9157303370786517,0.08496732026143791,0.6778242677824268,0.8285714285714286,2
626,157,train,no,0.4444444444444444,0.5393258426966292,0.6564996368917938,0.899581589958159,0.8285714285714286,2
627,157,bus,no,0.5353535353535354,0.28651685393258425,0.6238198983297023,0.6820083682008368,0.8285714285714286,2
628,157,car,no,0.0,0.1348314606741573,0.6419753086419753,0.5857740585774058,0.8285714285714286,2
629,158,air,yes,0.30303030303030304,0.5112359550561798,0.0813362381989833,0.34309623430962344,0.8285714285714286,1
630,158,train,no,0.3434343434343434,0.5280898876404494,0.7022512708787219,0.7447698744769874,0.8285714285714286,1
631,158,bus,no,0.35353535353535354,0.2752808988764045,0.6949891067538126,0.5523012552301255,0.8285714285714286,1
632,158,car,no,0.0,0.29213483146067415,0.6564996368917938,0.5397489539748954,0.8285714285714286,1
633,159,air,yes,0.9090909090909091,0.38764044943820225,0.03776325344952796,0.24686192468619247,0.6857142857142857,2
634,159,train,no,0.4444444444444444,0.16292134831460675,0.23384168482207698,0.24686192468619247,0.6857142857142857,2
635,159,bus,no,0.5353535353535354,0.12921348314606743,0.2665214233841685,0.2510460251046025,0.6857142857142857,2
636,159,car,no,0.0,0.028089887640449437,0.19535221496005808,0.11297071129707113,0.6857142857142857,2
637,160,air,yes,0.45454545454545453,0.4101123595505618,0.008714596949891068,0.27615062761506276,0.5428571428571428,3
638,160,train,no,0.4444444444444444,0.17415730337078653,0.25780682643427744,0.27615062761506276,0.5428571428571428,3
639,160,bus,no,0.5353535353535354,0.14606741573033707,0.29048656499636893,0.28451882845188287,0.5428571428571428,3
640,160,car,no,0.0,0.016853932584269662,0.1655773420479303,0.0794979079497908,0.5428571428571428,3
641,161,air,yes,0.6060606060606061,0.4438202247191011,0.005083514887436456,0.24686192468619247,0.8285714285714286,1
642,161,train,no,0.3434343434343434,0.16853932584269662,0.2018881626724764,0.16317991631799164,0.8285714285714286,1
643,161,bus,no,0.35353535353535354,0.1348314606741573,0.2345679012345679,0.1589958158995816,0.8285714285714286,1
644,161,car,no,0.0,0.06179775280898876,0.17719680464778503,0.06694560669456066,0.8285714285714286,1
645,162,air,yes,0.7575757575757576,0.5168539325842697,0.023238925199709513,0.30962343096234307,0.2571428571428571,1
646,162,train,no,0.3434343434343434,0.17415730337078653,0.22076978939724037,0.1799163179916318,0.2571428571428571,1
647,162,bus,no,0.35353535353535354,0.1404494382022472,0.2534495279593319,0.17573221757322174,0.2571428571428571,1
648,162,car,no,0.0,0.06741573033707865,0.1822803195352215,0.07531380753138076,0.2571428571428571,1
649,163,air,no,0.6464646464646465,0.38202247191011235,0.06899055918663761,0.26359832635983266,0.6857142857142857,3
650,163,train,no,0.4444444444444444,0.33146067415730335,0.5192447349310094,0.6234309623430963,0.6857142857142857,3
651,163,bus,no,0.5353535353535354,0.1797752808988764,0.5148874364560639,0.5062761506276151,0.6857142857142857,3
652,163,car,yes,0.0,0.05056179775280899,0.29557007988380535,0.2175732217573222,0.6857142857142857,3
653,164,air,no,0.6464646464646465,0.3539325842696629,0.05954974582425563,0.2384937238493724,0.9714285714285714,4
654,164,train,no,0.4444444444444444,0.29213483146067415,0.44371822803195354,0.5271966527196653,0.9714285714285714,4
655,164,bus,no,0.5353535353535354,0.17415730337078653,0.439360929557008,0.4393305439330544,0.9714285714285714,4
656,164,car,yes,0.0,0.033707865168539325,0.3609295570079884,0.26359832635983266,0.9714285714285714,4
657,165,air,no,0.6464646464646465,0.38764044943820225,0.050835148874364564,0.25523012552301255,0.6857142857142857,3
658,165,train,no,0.4444444444444444,0.3202247191011236,0.4081336238198983,0.5146443514644351,0.6857142857142857,3
659,165,bus,no,0.5353535353535354,0.16853932584269662,0.4037763253449528,0.401673640167364,0.6857142857142857,3
660,165,car,yes,0.0,0.033707865168539325,0.32461873638344224,0.2301255230125523,0.6857142857142857,3
661,166,air,no,0.696969696969697,0.4438202247191011,0.05519244734931009,0.27615062761506276,0.34285714285714286,1
662,166,train,no,0.3434343434343434,0.38764044943820225,0.46114742193173563,0.4895397489539749,0.34285714285714286,1
663,166,bus,no,0.35353535353535354,0.16853932584269662,0.4567901234567901,0.32217573221757323,0.34285714285714286,1
664,166,car,yes,0.0,0.17415730337078653,0.3899782135076253,0.28451882845188287,0.34285714285714286,1
665,167,air,no,0.6464646464646465,0.3539325842696629,0.06608569353667393,0.24686192468619247,0.6142857142857143,4
666,167,train,no,0.4444444444444444,0.28651685393258425,0.40522875816993464,0.4895397489539749,0.6142857142857143,4
667,167,bus,no,0.5353535353535354,0.16853932584269662,0.4008714596949891,0.39748953974895396,0.6142857142857143,4
668,167,car,yes,0.0,0.03932584269662921,0.3427741466957153,0.2510460251046025,0.6142857142857143,4
669,168,air,no,0.6464646464646465,0.3146067415730337,0.06172839506172839,0.20920502092050208,0.6142857142857143,6
670,168,train,no,0.4444444444444444,0.25842696629213485,0.4233841684822077,0.4811715481171548,0.6142857142857143,6
671,168,bus,no,0.5353535353535354,0.16853932584269662,0.4190268700072622,0.41422594142259417,0.6142857142857143,6
672,168,car,yes,0.0,0.016853932584269662,0.29557007988380535,0.19246861924686193,0.6142857142857143,6
673,169,air,no,0.696969696969697,0.4438202247191011,0.023238925199709513,0.25523012552301255,0.4,1
674,169,train,no,0.3434343434343434,0.38202247191011235,0.3972403776325345,0.4435146443514644,0.4,1
675,169,bus,no,0.35353535353535354,0.16292134831460675,0.39288307915758897,0.27615062761506276,0.4,1
676,169,car,yes,0.0,0.15730337078651685,0.2737835875090777,0.200836820083682,0.4,1
677,170,air,no,0.6464646464646465,0.38764044943820225,0.05954974582425563,0.26359832635983266,0.5428571428571428,3
678,170,train,no,0.4444444444444444,0.3202247191011236,0.43209876543209874,0.5397489539748954,0.5428571428571428,3
679,170,bus,no,0.5353535353535354,0.16853932584269662,0.4277414669571532,0.4225941422594142,0.5428571428571428,3
680,170,car,yes,0.0,0.0449438202247191,0.38271604938271603,0.2928870292887029,0.5428571428571428,3
681,171,air,no,0.6464646464646465,0.449438202247191,0.06971677559912855,0.3179916317991632,0.6857142857142857,2
682,171,train,no,0.4444444444444444,0.38764044943820225,0.5098039215686274,0.6569037656903766,0.6857142857142857,2
683,171,bus,no,0.5353535353535354,0.16853932584269662,0.5054466230936819,0.4895397489539749,0.6857142857142857,2
684,171,car,yes,0.0,0.06179775280898876,0.3100944081336238,0.2384937238493724,0.6857142857142857,2
685,172,air,no,0.696969696969697,0.33146067415730335,0.007262164124909223,0.16317991631799164,0.4714285714285714,1
686,172,train,no,0.3434343434343434,0.17415730337078653,0.2084241103848947,0.17154811715481172,0.4714285714285714,1
687,172,bus,yes,0.5050505050505051,0.1348314606741573,0.11909949164851126,0.08786610878661087,0.4714285714285714,1
688,172,car,no,0.0,0.06741573033707865,0.1822803195352215,0.07531380753138076,0.4714285714285714,1
689,173,air,no,0.696969696969697,0.3258426966292135,0.050835148874364564,0.18410041841004185,0.45714285714285713,1
690,173,train,no,0.3434343434343434,0.16292134831460675,0.24255628177196806,0.18410041841004185,0.45714285714285713,1
691,173,bus,yes,0.15151515151515152,0.10674157303370786,0.12854030501089325,0.07112970711297072,0.45714285714285713,1
692,173,car,no,0.0,0.06741573033707865,0.20915032679738563,0.09205020920502092,0.45714285714285713,1
693,174,air,no,0.6464646464646465,0.4438202247191011,0.04793028322440087,0.29707112970711297,0.08571428571428572,2
694,174,train,no,0.4444444444444444,0.1853932584269663,0.4458968772694263,0.45188284518828453,0.08571428571428572,2
695,174,bus,yes,0.15151515151515152,0.16292134831460675,0.364560639070443,0.36401673640167365,0.08571428571428572,2
696,174,car,no,0.0,0.056179775280898875,0.3812636165577342,0.29707112970711297,0.08571428571428572,2
697,175,air,no,0.696969696969697,0.3202247191011236,0.0392156862745098,0.17573221757322174,0.4,1
698,175,train,no,0.3434343434343434,0.16853932584269662,0.24255628177196806,0.18828451882845187,0.4,1
699,175,bus,no,0.35353535353535354,0.1348314606741573,0.27523602033405953,0.18410041841004185,0.4,1
700,175,car,yes,0.0,0.08426966292134831,0.08496732026143791,0.029288702928870293,0.4,1
701,176,air,no,0.696969696969697,0.6123595505617978,0.15468409586056645,0.46443514644351463,0.42857142857142855,1
702,176,train,no,0.3434343434343434,0.5112359550561798,0.7145969498910676,0.7405857740585774,0.42857142857142855,1
703,176,bus,yes,0.30303030303030304,0.1853932584269663,0.5787944807552651,0.4100418410041841,0.42857142857142855,1
704,176,car,no,0.0,0.2247191011235955,0.6862745098039216,0.5062761506276151,0.42857142857142855,1
705,177,air,no,0.696969696969697,0.3202247191011236,0.01815541031227306,0.1589958158995816,0.34285714285714286,1
706,177,train,no,0.3434343434343434,0.15730337078651685,0.21641249092229484,0.16736401673640167,0.34285714285714286,1
707,177,bus,yes,0.15151515151515152,0.10674157303370786,0.16848220769789396,0.09623430962343096,0.34285714285714286,1
708,177,car,no,0.0,0.06179775280898876,0.17138707334785766,0.06276150627615062,0.34285714285714286,1
709,178,air,no,0.696969696969697,0.3202247191011236,0.037037037037037035,0.17154811715481172,0.5714285714285714,1
710,178,train,no,0.3434343434343434,0.16292134831460675,0.23674655047204066,0.1799163179916318,0.5714285714285714,1
711,178,bus,yes,0.15151515151515152,0.10674157303370786,0.13071895424836602,0.07112970711297072,0.5714285714285714,1
712,178,car,no,0.0,0.06179775280898876,0.19680464778503995,0.0794979079497908,0.5714285714285714,1
713,179,air,yes,0.9090909090909091,0.29775280898876405,0.03776325344952796,0.17573221757322174,0.6857142857142857,1
714,179,train,no,0.4444444444444444,0.39325842696629215,0.3914306463326071,0.5564853556485355,0.6857142857142857,1
715,179,bus,no,0.5353535353535354,0.17415730337078653,0.38707334785766156,0.3891213389121339,0.6857142857142857,1
716,179,car,no,0.0,0.12359550561797752,0.38198983297022515,0.3472803347280335,0.6857142857142857,1
717,180,air,yes,0.15151515151515152,0.47752808988764045,0.03413217138707335,0.30962343096234307,0.9714285714285714,2
718,180,train,no,0.4444444444444444,0.16292134831460675,0.20697167755991286,0.22594142259414227,0.9714285714285714,2
719,180,bus,no,0.5353535353535354,0.12921348314606743,0.23965141612200436,0.2301255230125523,0.9714285714285714,2
720,180,car,no,0.0,0.028089887640449437,0.18663761801016704,0.1087866108786611,0.9714285714285714,2
721,181,air,no,0.696969696969697,0.33707865168539325,0.00944081336238199,0.17154811715481172,0.4,1
722,181,train,no,0.3434343434343434,0.20786516853932585,0.2280319535221496,0.20920502092050208,0.4,1
723,181,bus,no,0.35353535353535354,0.17415730337078653,0.2607116920842411,0.20502092050209206,0.4,1
724,181,car,yes,0.0,0.056179775280898875,0.1721132897603486,0.06276150627615062,0.4,1
725,182,air,no,0.696969696969697,0.3202247191011236,0.04212055192447349,0.17573221757322174,0.34285714285714286,1
726,182,train,no,0.3434343434343434,0.16292134831460675,0.2345679012345679,0.1799163179916318,0.34285714285714286,1
727,182,bus,no,0.35353535353535354,0.12921348314606743,0.2672476397966594,0.17573221757322174,0.34285714285714286,1
728,182,car,yes,0.0,0.06741573033707865,0.1503267973856209,0.05439330543933055,0.34285714285714286,1
729,183,air,no,0.6464646464646465,0.2752808988764045,0.0196078431372549,0.14225941422594143,0.34285714285714286,3
730,183,train,yes,0.20202020202020202,0.33146067415730335,0.2084241103848947,0.3514644351464435,0.34285714285714286,3
731,183,bus,no,0.5353535353535354,0.11235955056179775,0.24836601307189543,0.2217573221757322,0.34285714285714286,3
732,183,car,no,0.0,0.02247191011235955,0.19172113289760348,0.1087866108786611,0.34285714285714286,3
733,184,air,no,0.6464646464646465,0.34831460674157305,0.11038489469862019,0.2803347280334728,0.22857142857142856,2
734,184,train,yes,0.5050505050505051,0.21910112359550563,0.25925925925925924,0.30962343096234307,0.22857142857142856,2
735,184,bus,no,0.5353535353535354,0.07303370786516854,0.23384168482207698,0.1799163179916318,0.22857142857142856,2
736,184,car,no,0.0,0.03932584269662921,0.18736383442265794,0.11715481171548117,0.22857142857142856,2
737,185,air,no,0.6464646464646465,0.3146067415730337,0.007988380537400145,0.16317991631799164,0.4714285714285714,2
738,185,train,yes,0.30303030303030304,0.10674157303370786,0.16848220769789396,0.1506276150627615,0.4714285714285714,2
739,185,bus,no,0.5353535353535354,0.12359550561797752,0.23674655047204066,0.2217573221757322,0.4714285714285714,2
740,185,car,no,0.0,0.028089887640449437,0.1830065359477124,0.10460251046025104,0.4714285714285714,2
741,186,air,no,0.6464646464646465,0.38764044943820225,0.04066811909949165,0.24686192468619247,0.6857142857142857,3
742,186,train,no,0.4444444444444444,0.3146067415730337,0.40232389251997097,0.5104602510460251,0.6857142857142857,3
743,186,bus,yes,0.15151515151515152,0.1853932584269663,0.4008714596949891,0.4100418410041841,0.6857142857142857,3
744,186,car,no,0.0,0.05056179775280899,0.37981118373275236,0.2928870292887029,0.6857142857142857,3
745,187,air,yes,0.15151515151515152,0.2696629213483146,0.008714596949891068,0.11715481171548117,0.02857142857142857,1
746,187,train,no,0.3434343434343434,0.07303370786516854,0.21641249092229484,0.10460251046025104,0.02857142857142857,1
747,187,bus,no,0.35353535353535354,0.056179775280898875,0.24909222948438633,0.1087866108786611,0.02857142857142857,1
748,187,car,no,0.0,0.06179775280898876,0.1830065359477124,0.07112970711297072,0.02857142857142857,1
749,188,air,yes,0.10101010101010101,0.33146067415730335,0.012345679012345678,0.1799163179916318,0.4,4
750,188,train,no,0.4444444444444444,0.12359550561797752,0.2084241103848947,0.19665271966527198,0.4,4
751,188,bus,no,0.5353535353535354,0.09550561797752809,0.2411038489469862,0.20502092050209206,0.4,4
752,188,car,no,0.0,0.011235955056179775,0.1822803195352215,0.09205020920502092,0.4,4
753,189,air,no,0.696969696969697,0.3202247191011236,0.026870007262164125,0.16736401673640167,0.6142857142857143,1
754,189,train,no,0.3434343434343434,0.16292134831460675,0.22440087145969498,0.17154811715481172,0.6142857142857143,1
755,189,bus,no,0.35353535353535354,0.12921348314606743,0.2570806100217865,0.16736401673640167,0.6142857142857143,1
756,189,car,yes,0.0,0.06179775280898876,0.10675381263616558,0.02510460251046025,0.6142857142857143,1
757,190,air,no,0.696969696969697,0.3146067415730337,0.007262164124909223,0.1506276150627615,0.8285714285714286,1
758,190,train,no,0.3434343434343434,0.16292134831460675,0.1895424836601307,0.1506276150627615,0.8285714285714286,1
759,190,bus,no,0.35353535353535354,0.12921348314606743,0.19680464778503995,0.1297071129707113,0.8285714285714286,1
760,190,car,yes,0.0,0.0898876404494382,0.12854030501089325,0.058577405857740586,0.8285714285714286,1
761,191,air,no,0.696969696969697,0.33707865168539325,0.0878721859114016,0.2175732217573222,0.02857142857142857,1
762,191,train,no,0.3434343434343434,0.09550561797752809,0.2839506172839506,0.1589958158995816,0.02857142857142857,1
763,191,bus,no,0.35353535353535354,0.07865168539325842,0.29121278140885987,0.1506276150627615,0.02857142857142857,1
764,191,car,yes,0.0,0.0898876404494382,0.11764705882352941,0.0502092050209205,0.02857142857142857,1
765,192,air,yes,0.30303030303030304,0.5112359550561798,0.01597676107480029,0.301255230125523,0.4,1
766,192,train,no,0.3434343434343434,0.17415730337078653,0.21931735657225854,0.17573221757322174,0.4,1
767,192,bus,no,0.35353535353535354,0.1404494382022472,0.25199709513435004,0.17154811715481172,0.4,1
768,192,car,no,0.0,0.06179775280898876,0.17792302106027597,0.06694560669456066,0.4,1
769,193,air,yes,0.20202020202020202,0.4157303370786517,0.023238925199709513,0.23430962343096234,0.8285714285714286,1
770,193,train,no,0.3434343434343434,0.17415730337078653,0.20406681190994916,0.16736401673640167,0.8285714285714286,1
771,193,bus,no,0.35353535353535354,0.1404494382022472,0.23674655047204066,0.16317991631799164,0.8285714285714286,1
772,193,car,no,0.0,0.06179775280898876,0.1830065359477124,0.07112970711297072,0.8285714285714286,1
773,194,air,no,0.6464646464646465,0.550561797752809,0.09222948438634714,0.41422594142259417,0.02857142857142857,2
774,194,train,no,0.4444444444444444,0.2640449438202247,0.4466230936819172,0.5104602510460251,0.02857142857142857,2
775,194,bus,yes,0.30303030303030304,0.25842696629213485,0.2665214233841685,0.3472803347280335,0.02857142857142857,2
776,194,car,no,0.0,0.06741573033707865,0.41103848946986205,0.3305439330543933,0.02857142857142857,2
777,195,air,no,0.6464646464646465,0.25842696629213485,0.0,0.11715481171548117,0.22857142857142856,3
778,195,train,yes,0.10101010101010101,0.10674157303370786,0.1394335511982571,0.12552301255230125,0.22857142857142856,3
779,195,bus,no,0.5353535353535354,0.06179775280898876,0.24255628177196806,0.1799163179916318,0.22857142857142856,3
780,195,car,no,0.0,0.011235955056179775,0.1895424836601307,0.09623430962343096,0.22857142857142856,3
781,196,air,no,0.6464646464646465,0.3146067415730337,0.02178649237472767,0.17573221757322174,0.18571428571428572,2
782,196,train,yes,0.10101010101010101,0.15730337078651685,0.1830065359477124,0.200836820083682,0.18571428571428572,2
783,196,bus,no,0.5353535353535354,0.06179775280898876,0.20551924473493102,0.14644351464435146,0.18571428571428572,2
784,196,car,no,0.0,0.02247191011235955,0.18373275236020334,0.100418410041841,0.18571428571428572,2
785,197,air,no,0.696969696969697,0.3202247191011236,0.02251270878721859,0.16317991631799164,0.34285714285714286,1
786,197,train,no,0.3434343434343434,0.15730337078651685,0.21641249092229484,0.16736401673640167,0.34285714285714286,1
787,197,bus,no,0.35353535353535354,0.12359550561797752,0.24909222948438633,0.1589958158995816,0.34285714285714286,1
788,197,car,yes,0.0,0.0449438202247191,0.1503267973856209,0.03765690376569038,0.34285714285714286,1
789,198,air,yes,0.30303030303030304,0.6123595505617978,0.030501089324618737,0.38493723849372385,0.5428571428571428,1
790,198,train,no,0.3434343434343434,0.38764044943820225,0.38707334785766156,0.4435146443514644,0.5428571428571428,1
791,198,bus,no,0.35353535353535354,0.16853932584269662,0.38271604938271603,0.27615062761506276,0.5428571428571428,1
792,198,car,no,0.0,0.1404494382022472,0.3732752360203341,0.2510460251046025,0.5428571428571428,1
793,199,air,yes,0.050505050505050504,0.34831460674157305,0.012345679012345678,0.19246861924686193,0.9714285714285714,2
794,199,train,no,0.4444444444444444,0.15730337078651685,0.20697167755991286,0.2217573221757322,0.9714285714285714,2
795,199,bus,no,0.5353535353535354,0.12359550561797752,0.23965141612200436,0.22594142259414227,0.9714285714285714,2
796,199,car,no,0.0,0.028089887640449437,0.1655773420479303,0.08786610878661087,0.9714285714285714,2
797,200,air,yes,0.050505050505050504,0.3258426966292135,0.01597676107480029,0.1799163179916318,0.6142857142857143,4
798,200,train,no,0.4444444444444444,0.12359550561797752,0.22948438634713145,0.21338912133891214,0.6142857142857143,4
799,200,bus,no,0.5353535353535354,0.09550561797752809,0.262164124909223,0.2217573221757322,0.6142857142857143,4
800,200,car,no,0.0,0.0056179775280898875,0.19898329702251272,0.100418410041841,0.6142857142857143,4
801,201,air,no,0.6464646464646465,0.5337078651685393,0.09077705156136529,0.39748953974895396,0.34285714285714286,3
802,201,train,no,0.4444444444444444,0.4157303370786517,0.5533769063180828,0.7154811715481172,0.34285714285714286,3
803,201,bus,yes,0.16161616161616163,0.20224719101123595,0.5424836601307189,0.5481171548117155,0.34285714285714286,3
804,201,car,no,0.0,0.07303370786516854,0.5374001452432825,0.4476987447698745,0.34285714285714286,3
805,202,air,no,0.696969696969697,0.5,0.0392156862745098,0.30962343096234307,0.4714285714285714,1
806,202,train,no,0.3434343434343434,0.42134831460674155,0.4117647058823529,0.4811715481171548,0.4714285714285714,1
807,202,bus,no,0.35353535353535354,0.20224719101123595,0.4074074074074074,0.3179916317991632,0.4714285714285714,1
808,202,car,yes,0.0,0.15168539325842698,0.3464052287581699,0.24267782426778242,0.4714285714285714,1
809,203,air,no,0.696969696969697,0.3202247191011236,0.037037037037037035,0.17573221757322174,0.02857142857142857,1
810,203,train,no,0.3434343434343434,0.07865168539325842,0.22875816993464052,0.11297071129707113,0.02857142857142857,1
811,203,bus,yes,0.050505050505050504,0.06741573033707865,0.22294843863471314,0.100418410041841,0.02857142857142857,1
812,203,car,no,0.0,0.08426966292134831,0.19753086419753085,0.09623430962343096,0.02857142857142857,1
813,204,air,no,0.696969696969697,0.3258426966292135,0.002178649237472767,0.15481171548117154,0.2571428571428571,1
814,204,train,no,0.3434343434343434,0.1797752808988764,0.20987654320987653,0.17573221757322174,0.2571428571428571,1
815,204,bus,yes,0.10101010101010101,0.19662921348314608,0.13580246913580246,0.14225941422594143,0.2571428571428571,1
816,204,car,no,0.0,0.06179775280898876,0.17719680464778503,0.06694560669456066,0.2571428571428571,1
817,205,air,no,0.696969696969697,0.5898876404494382,0.058823529411764705,0.3891213389121339,0.6142857142857143,1
818,205,train,no,0.3434343434343434,0.4887640449438202,0.5925925925925926,0.6443514644351465,0.6142857142857143,1
819,205,bus,yes,0.30303030303030304,0.1853932584269663,0.5170660856935366,0.3723849372384937,0.6142857142857143,1
820,205,car,no,0.0,0.19662921348314608,0.5846042120551924,0.4225941422594142,0.6142857142857143,1
821,206,air,no,0.696969696969697,0.4438202247191011,0.04429920116194626,0.26778242677824265,0.5428571428571428,1
822,206,train,no,0.3434343434343434,0.37640449438202245,0.3936092955700799,0.4393305439330544,0.5428571428571428,1
823,206,bus,no,0.35353535353535354,0.15730337078651685,0.38925199709513436,0.2719665271966527,0.5428571428571428,1
824,206,car,yes,0.0,0.15730337078651685,0.477124183006536,0.3263598326359833,0.5428571428571428,1
825,207,air,yes,0.45454545454545453,0.6966292134831461,0.05228758169934641,0.46443514644351463,0.5428571428571428,1
826,207,train,no,0.3434343434343434,0.38202247191011235,0.38707334785766156,0.4393305439330544,0.5428571428571428,1
827,207,bus,no,0.35353535353535354,0.16292134831460675,0.38271604938271603,0.2719665271966527,0.5428571428571428,1
828,207,car,no,0.0,0.16853932584269662,0.3732752360203341,0.2719665271966527,0.5428571428571428,1
829,208,air,no,0.696969696969697,0.3202247191011236,0.01670297748729121,0.1589958158995816,0.0,1
830,208,train,no,0.3434343434343434,0.07303370786516854,0.21568627450980393,0.100418410041841,0.0,1
831,208,bus,yes,0.5050505050505051,0.15168539325842698,0.1466957153231663,0.11297071129707113,0.0,1
832,208,car,no,0.0,0.06179775280898876,0.1721132897603486,0.06694560669456066,0.0,1
833,209,air,no,0.696969696969697,0.4438202247191011,0.04429920116194626,0.26778242677824265,0.2571428571428571,1
834,209,train,no,0.3434343434343434,0.1853932584269663,0.3936092955700799,0.2928870292887029,0.2571428571428571,1
835,209,bus,no,0.35353535353535354,0.16292134831460675,0.38925199709513436,0.27615062761506276,0.2571428571428571,1
836,209,car,yes,0.0,0.1404494382022472,0.32461873638344224,0.2175732217573222,0.2571428571428571,1
837,210,air,no,0.6464646464646465,0.3595505617977528,0.05591866376180102,0.2384937238493724,0.9714285714285714,4
838,210,train,no,0.4444444444444444,0.29213483146067415,0.4408133623819898,0.5271966527196653,0.9714285714285714,4
839,210,bus,no,0.5353535353535354,0.17415730337078653,0.4364560639070443,0.4351464435146444,0.9714285714285714,4
840,210,car,yes,0.0,0.056179775280898875,0.3464052287581699,0.26778242677824265,0.9714285714285714,4
